sample,cohort,organ,SBS1,SBS2,SBS3,SBS4,SBS5,SBS6,SBS7a,SBS7c,SBS8,SBS9,SBS10a,SBS10d,SBS11,SBS12,SBS13,SBS14,SBS15,SBS16,SBS17,SBS17a,SBS18,SBS19,SBS20,SBS22,SBS23,SBS24,SBS26,SBS28,SBS30,SBS31,SBS32,SBS33,SBS35,SBS38,SBS44,SBS52,SBS53,SBS57,SBS84,SBS87,SBS88,SBS90,SBS92,SBS93,SBS94,SBS95,SBS96,SBS97,SBS98,SBS99,SBS100,SBS101,SBS102,SBS103,SBS104,SBS105,SBS106,SBS107,SBS108,SBS109,SBS110,SBS111,SBS112,SBS113,SBS114,SBS115,SBS116,SBS117,SBS118,SBS119,SBS120,SBS121,SBS122,SBS123,SBS124,SBS125,SBS126,SBS127,SBS128,SBS129,SBS130,SBS131,SBS132,SBS133,SBS134,SBS135,SBS136,SBS137,SBS138,SBS139,SBS140,SBS141,SBS142,SBS143,SBS144,SBS145,SBS146,SBS147,SBS148,SBS149,SBS150,SBS151,SBS152,SBS153,SBS154,SBS155,SBS156,SBS157,SBS158,SBS159,SBS160,SBS161,SBS162,SBS163,SBS164,SBS165,SBS166,SBS167,SBS168,SBS169
00aa769d-622c-433e-8a8a-63fb5c41ea42,ICGC,Colorectal,0,0,0,0,0,0,0,0,0,0,223127.306440083,0,0,0,0,0,0,0,0,0,0,0,0,0,0,0,0,0,0,0,0,0,0,0,0,0,0,0,0,0,0,0,0,0,0,0,0,0,0,0,0,0,0,0,0,0,0,0,0,0,0,0,0,0,0,0,0,0,0,0,0,0,0,0,0,0,0,0,0,0,0,0,0,0,0,0,0,0,0,0,0,0,0,0,0,0,0,0,0,0,0,0,0,0,0,0,0,0,0,0,0,0,0,0,0,0,0,0,0,0
a0f94565-9169-49ee-8e6a-21bdc43d9de6,ICGC,Colorectal,6851.4406779661,0,0,0,937.67073660535,0,0,0,0,0,0,0,0,0,0,0,0,0,0,0,3317.56598923608,0,0,0,0,0,0,0,0,0,0,0,0,0,0,0,0,0,0,0,0,0,0,680.595684193998,0,0,0,0,0,0,0,0,0,0,0,0,0,0,0,0,0,0,0,0,0,0,0,0,0,0,0,293.043242627558,0,0,0,0,0,0,0,0,0,0,0,0,0,0,0,0,0,0,0,0,0,0,0,0,0,0,0,0,0,0,0,0,0,0,0,0,0,0,0,0,0,0,0,0,0,0,0,0
75ad15b9-8f9c-40c1-9ca6-1e8454fbd310,ICGC,Colorectal,2777.65695485286,0,0,0,1830.23907877902,0,0,0,0,0,0,0,0,0,0,0,0,0,937.40288795467,0,1760.63491135076,0,0,0,0,0,0,0,0,0,0,0,0,0,0,0,0,0,0,0,0,0,0,4468.19917172767,0,0,0,0,0,0,0,0,0,0,0,0,0,0,0,0,0,0,0,0,0,0,0,0,0,0,0,1923.86699533584,0,0,0,0,0,0,0,0,0,0,0,0,0,0,0,0,0,0,0,0,0,0,0,0,0,0,0,0,0,0,0,0,0,0,0,0,0,0,0,0,0,0,0,0,0,0,0,0
4cfb0aee-6661-478a-8694-9d8ba15e46b7,ICGC,Colorectal,3033.84708888201,0,0,0,4584.54676370393,0,0,0,0,0,0,0,0,0,0,0,0,0,2040.07827500774,0,7033.94170021679,0,0,0,0,0,0,0,0,0,0,0,0,0,0,0,0,0,0,0,0,0,0,1884.97487137345,0,0,0,0,0,0,0,0,0,0,0,0,0,0,0,0,0,0,0,0,0,0,0,0,0,0,0,811.611300816429,0,0,0,0,0,0,0,0,0,0,0,0,0,0,0,0,0,0,0,0,0,0,0,0,0,0,0,0,0,0,0,0,0,0,0,0,0,0,0,0,0,0,0,0,0,0,0,0
8a929c55-35a6-4645-bb70-4b85d281b139,ICGC,Colorectal,3456.80885939312,0,0,0,2387.52264822292,0,0,0,0,0,0,0,0,0,0,0,0,0,726.854675568704,0,4502.59976812058,0,0,0,0,0,0,0,0,0,0,0,0,0,0,0,0,0,0,0,0,0,0,999.75204585647,0,0,0,0,0,0,0,0,0,0,0,0,0,0,0,0,0,0,0,0,0,0,0,0,0,0,0,430.462002838393,0,0,0,0,0,0,0,0,0,0,0,0,0,0,0,0,0,0,0,0,0,0,0,0,0,0,0,0,0,0,0,0,0,0,0,0,0,0,0,0,0,0,0,0,0,0,0,0
05486349-24a4-4931-bf5f-c9fefe369af2,ICGC,Colorectal,3543.26429341963,0,0,0,1951.92103559871,0,0,0,0,0,0,0,0,0,0,0,0,0,0,0,822.177346278317,0,0,0,0,0,0,0,0,0,0,0,0,0,0,0,0,0,0,0,0,0,0,0,0,0,0,0,0,0,0,0,0,0,0,0,0,0,0,0,0,0,0,0,0,0,0,0,0,0,0,0,0,0,0,0,0,0,0,0,0,0,0,0,0,0,0,0,0,0,0,0,0,0,0,0,0,0,0,0,0,0,0,0,0,0,0,0,0,0,0,0,0,0,0,0,0,0,0,0
e3ef5cad-4d6e-4f04-babb-a908ee02644b,ICGC,Colorectal,6375.00115580864,0,0,0,2345.57595918022,0,0,0,0,0,0,0,0,0,0,0,0,0,2379.1127900093,0,4461.90014940941,0,0,0,0,0,0,0,0,0,0,0,0,0,0,0,0,0,0,0,0,0,0,1533.94230364056,0,0,0,0,0,0,0,0,0,0,0,0,0,0,0,0,0,0,0,0,0,0,0,0,0,0,0,660.467641952142,0,0,0,0,0,0,0,0,0,0,0,0,0,0,0,0,0,0,0,0,0,0,0,0,0,0,0,0,0,0,0,0,0,0,0,0,0,0,0,0,0,0,0,0,0,0,0,0
d0a0d845-32e2-4590-b909-29bd27b92900,ICGC,Colorectal,2624.20129201015,0,0,0,0,0,0,0,0,0,0,0,0,0,0,0,0,0,0,0,8590.34269974635,0,0,0,0,0,0,0,0,0,0,0,0,0,0,0,0,0,0,0,0,0,0,0,0,0,0,0,0,0,0,0,0,0,0,0,0,0,0,0,0,0,0,0,0,0,0,0,0,0,0,0,0,0,0,0,0,0,0,0,0,0,0,0,0,0,0,0,0,0,0,0,0,0,0,0,0,0,0,0,0,0,0,0,0,0,0,0,0,0,0,0,0,0,0,0,0,0,0,0
63bc376e-5a3d-44fd-8d77-686dfc41e458,ICGC,Colorectal,11278.4580456502,0,0,0,0,0,0,0,0,0,0,0,0,0,0,0,0,0,0,0,0,0,0,0,0,0,0,0,0,0,0,0,0,0,13061.5304605637,0,0,0,0,0,0,0,0,0,0,0,0,0,0,0,0,0,0,0,0,0,0,0,0,0,0,0,0,0,0,0,0,0,0,0,0,0,0,0,0,0,0,0,0,0,0,0,0,0,0,0,0,0,0,0,0,0,0,0,0,0,0,0,0,0,0,0,0,0,0,0,0,0,0,0,0,0,0,0,0,0,0,0,0,0
080ecc31-756a-4a1b-a51e-d632ac8219f7,ICGC,Colorectal,0,0,0,0,3762.72567977076,0,0,0,0,0,0,0,0,0,0,0,0,0,4389.51287389969,0,11217.5883856604,0,0,0,0,0,0,0,0,0,0,0,0,0,0,0,0,0,0,0,0,0,0,2603.63429439452,0,0,0,0,0,0,0,0,0,0,0,0,0,0,0,0,0,0,0,0,0,0,0,0,0,0,0,1121.0436004296,0,0,0,0,0,0,0,0,0,0,0,0,0,0,0,0,0,0,0,0,0,0,0,0,0,0,0,0,0,0,0,0,0,0,0,0,0,0,0,0,0,0,0,0,0,0,0,0
492b4e58-12e2-47b2-bd47-28f8607072fa,ICGC,Colorectal,3229.50165417421,0,0,0,1941.90620315327,0,0,0,0,0,0,0,0,0,0,0,0,0,0,0,12703.7411217369,0,0,0,0,0,0,0,0,0,0,0,0,0,0,0,0,0,0,0,0,0,0,0,0,0,0,0,0,0,0,0,0,0,0,0,0,0,0,0,0,0,0,0,0,0,0,0,0,0,0,0,0,0,0,0,0,0,0,0,0,0,0,0,0,0,0,0,0,0,0,0,0,0,0,0,0,0,0,0,0,0,0,0,0,0,0,0,0,0,0,0,0,0,0,0,0,0,0,0
10ad692b-4c3d-42de-9b5e-4968441388b3,ICGC,Colorectal,5051.65729293787,0,0,0,831.513503475354,0,0,0,0,0,0,0,0,0,0,0,0,0,0,0,2585.6515625829,0,0,0,0,0,0,0,0,0,0,0,0,0,0,0,0,0,0,0,0,0,0,487.813381495254,0,0,0,0,0,0,0,0,0,0,0,0,0,0,0,0,0,0,0,0,0,0,0,0,0,0,0,210.037204805043,0,0,0,0,0,0,0,0,0,0,0,0,0,0,0,0,0,0,0,0,0,0,0,0,0,0,0,0,0,0,0,0,0,0,0,0,0,0,0,0,0,0,0,0,0,0,0,0
55345803-83d4-4fdb-b0ee-328753801da1,ICGC,Colorectal,6569.97264581041,0,0,0,3801.58801027092,0,0,0,0,0,0,0,0,0,0,0,0,0,1442.98234030289,0,5911.02405282188,0,0,0,0,0,0,0,0,0,0,0,0,0,0,0,0,0,0,0,0,0,0,957.963703066524,0,0,0,0,0,0,0,0,0,0,0,0,0,0,0,0,0,0,0,0,0,0,0,0,0,0,0,412.469247727552,0,0,0,0,0,0,0,0,0,0,0,0,0,0,0,0,0,0,0,0,0,0,0,0,0,0,0,0,0,0,0,0,0,0,0,0,0,0,0,0,0,0,0,0,0,0,0,0
d3d65db3-36f9-41c7-8e5e-1683ce94dfcb,ICGC,Colorectal,5010.06251637126,0,0,0,2250.80345760936,0,0,0,0,0,0,0,0,0,0,0,0,0,732.935999301493,0,2183.30935126168,0,0,0,0,0,0,0,0,0,0,0,0,0,0,0,0,0,0,0,0,0,0,891.176088425269,0,0,0,0,0,0,0,0,0,0,0,0,0,0,0,0,0,0,0,0,0,0,0,0,0,0,0,383.712587031105,0,0,0,0,0,0,0,0,0,0,0,0,0,0,0,0,0,0,0,0,0,0,0,0,0,0,0,0,0,0,0,0,0,0,0,0,0,0,0,0,0,0,0,0,0,0,0,0
0980e7fd-051d-45e9-9ca6-2baf073da4e8,ICGC,Colorectal,0,0,0,0,0,0,0,0,0,0,829855.776474331,0,0,0,0,0,0,0,0,0,0,0,0,0,0,0,0,0,0,0,0,0,0,0,0,0,0,0,0,0,0,0,0,0,0,0,0,0,0,0,0,0,0,0,0,0,0,0,0,0,0,0,0,0,0,0,0,0,0,0,0,0,0,0,0,0,0,0,0,0,0,0,0,0,0,0,0,0,0,0,0,0,0,0,0,0,0,0,0,0,0,0,0,0,0,0,0,0,0,0,0,0,0,0,0,0,0,0,0,0
31f02f48-44a4-445e-ac3d-e9bf3d8d25a2,ICGC,Colorectal,2134.62425053845,0,0,0,1228.57151172944,0,0,0,0,0,0,0,0,0,0,0,0,0,8092.97106932883,0,3666.7134291868,0,0,0,0,0,0,0,0,0,0,0,0,0,0,0,0,0,0,0,0,0,0,1437.97333673964,0,0,0,0,0,0,0,0,0,0,0,0,0,0,0,0,0,0,0,0,0,0,0,0,0,0,0,619.1464024771,0,0,0,0,0,0,0,0,0,0,0,0,0,0,0,0,0,0,0,0,0,0,0,0,0,0,0,0,0,0,0,0,0,0,0,0,0,0,0,0,0,0,0,0,0,0,0,0
b6b6e1d3-c592-4836-bdad-d53af2dbcc9a,ICGC,Colorectal,7273.03751468776,0,0,0,1628.11297394893,0,0,0,0,0,0,0,0,0,0,0,0,0,2693.53251368469,0,5575.46238500559,0,0,0,0,0,0,0,0,0,0,0,0,0,0,0,0,0,0,0,0,0,0,0,0,0,0,0,0,0,0,0,0,0,0,0,0,0,0,0,0,0,0,0,0,0,0,0,0,0,0,0,0,0,0,0,0,0,0,0,0,0,0,0,0,0,0,0,0,0,0,0,0,0,0,0,0,0,0,0,0,0,0,0,0,0,0,0,0,0,0,0,0,0,0,0,0,0,0,0
b2afbcba-d67d-43f1-be3b-05f3a5836ec0,ICGC,Colorectal,3364.75635387941,0,0,0,2259.85123350973,0,0,0,0,0,0,0,0,0,0,0,0,0,1937.58724006857,0,5083.16404561377,0,0,0,0,0,0,0,0,0,0,0,0,0,0,0,0,0,0,0,0,0,0,0,0,0,0,0,0,0,0,0,0,0,0,0,0,0,0,0,0,0,0,0,0,0,0,0,0,0,0,0,0,0,0,0,0,0,0,0,0,0,0,0,0,0,0,0,0,0,0,0,0,0,0,0,0,0,0,0,0,0,0,0,0,0,0,0,0,0,0,0,0,0,0,0,0,0,0,0
fc453f67-6623-4e8c-b519-0bd79e4d4651,ICGC,Colorectal,4252.67611493954,0,0,0,0,0,0,0,0,0,0,0,0,0,0,0,0,0,14731.8590560395,0,5923.49551423742,0,0,0,0,0,0,0,0,0,0,0,0,0,0,0,0,0,0,0,0,0,0,1346.49271733535,0,0,0,0,0,0,0,0,0,0,0,0,0,0,0,0,0,0,0,0,0,0,0,0,0,0,0,579.75770523674,0,0,0,0,0,0,0,0,0,0,0,0,0,0,0,0,0,0,0,0,0,0,0,0,0,0,0,0,0,0,0,0,0,0,0,0,0,0,0,0,0,0,0,0,0,0,0,0
b7f2e85a-3c6a-48b7-8a4f-2dec1d85359d,ICGC,Colorectal,4246.14002446733,0,0,0,2109.79299622795,0,0,0,0,0,0,0,0,0,0,0,0,0,694.412988072179,0,1291.62819859313,0,0,0,0,0,0,0,0,0,0,0,0,0,0,0,0,0,0,0,0,0,0,1039.46474290993,0,0,0,0,0,0,0,0,0,0,0,0,0,0,0,0,0,0,0,0,0,0,0,0,0,0,0,447.561049729668,0,0,0,0,0,0,0,0,0,0,0,0,0,0,0,0,0,0,0,0,0,0,0,0,0,0,0,0,0,0,0,0,0,0,0,0,0,0,0,0,0,0,0,0,0,0,0,0
85e29049-a5e8-49fa-a576-e113c7b2c2e3,ICGC,Colorectal,3895.06610018309,0,0,0,3728.37068682221,0,0,0,0,0,0,0,0,0,0,0,0,0,679.296324116239,0,1034.71297122201,0,0,0,0,0,0,0,0,0,0,0,0,0,0,0,0,0,0,0,0,0,0,926.592241405819,0,0,0,0,0,0,0,0,0,0,0,0,0,0,0,0,0,0,0,0,0,0,0,0,0,0,0,398.961676250801,0,0,0,0,0,0,0,0,0,0,0,0,0,0,0,0,0,0,0,0,0,0,0,0,0,0,0,0,0,0,0,0,0,0,0,0,0,0,0,0,0,0,0,0,0,0,0,0
2df02f2b-9f1c-4249-b3b4-b03079cd97d9,ICGC,Colorectal,0,0,0,0,0,0,0,0,0,0,2214914.32253803,0,0,0,0,0,0,0,160660.769519986,0,0,0,0,0,0,0,0,0,0,0,0,0,0,0,0,0,0,0,0,0,0,0,0,0,0,0,0,0,0,0,0,0,0,0,0,0,0,0,0,0,0,0,0,0,0,0,0,0,0,0,0,0,0,0,0,0,0,0,0,0,0,0,0,0,0,0,0,0,0,0,0,0,0,0,0,0,0,0,0,0,0,0,0,0,0,0,0,0,0,0,0,0,0,0,0,0,0,0,0,0
42d20028-0ddc-4dac-9f05-d674f8915f21,ICGC,Colorectal,0,0,0,0,0,0,0,0,0,0,0,0,0,0,0,0,0,0,0,0,0,0,0,0,0,0,0,0,0,0,0,0,0,0,146811.226479433,0,0,0,0,0,0,0,0,0,0,0,0,0,0,0,0,0,0,0,0,0,0,0,0,0,0,0,0,0,0,0,0,0,0,0,0,0,0,0,0,0,0,0,0,0,0,0,0,0,0,0,0,0,0,0,0,0,0,0,0,0,0,0,0,0,0,0,0,0,0,0,0,0,0,0,0,0,0,0,0,0,0,0,0,0
d9690a27-bb02-498e-b15c-ee76e31d16ee,ICGC,Colorectal,7012.34918117943,0,0,0,0,0,0,0,0,0,0,0,0,0,0,0,0,0,1129.8119036553,0,9338.60934467015,0,0,0,0,0,0,0,0,0,0,0,0,0,0,0,0,0,0,0,0,0,0,0,0,0,0,0,0,0,0,0,0,0,0,0,0,0,0,0,0,0,0,0,0,0,0,0,0,0,0,0,0,0,0,0,0,0,0,0,0,0,0,0,0,0,0,0,0,0,0,0,0,0,0,0,0,0,0,0,0,0,0,0,0,0,0,0,0,0,0,0,0,0,0,0,0,0,0,0
93ff786e-0165-4b02-8d27-806d422e93fc,ICGC,Colorectal,0,0,0,0,0,0,0,0,0,0,902049.277232533,0,0,0,0,0,0,0,0,0,0,0,0,0,0,0,0,0,0,0,0,0,0,0,0,0,0,0,0,0,0,0,0,0,0,0,0,0,0,0,0,0,0,0,0,0,0,0,0,0,0,0,0,0,0,0,0,0,0,0,0,0,0,0,0,0,0,0,0,0,0,0,0,0,0,0,0,0,0,0,0,0,0,0,0,0,0,0,0,0,0,0,0,0,0,0,0,0,0,0,0,0,0,0,0,0,0,0,0,0
05780d48-80e7-4d70-b00c-081f8a9519f2,ICGC,Colorectal,11796.5394499466,0,0,0,0,0,0,0,0,0,0,0,0,0,0,0,0,0,6090.06914325687,0,0,0,0,0,0,0,0,0,0,0,0,0,0,0,77201.3914067965,0,0,0,0,0,0,0,0,0,0,0,0,0,0,0,0,0,0,0,0,0,0,0,0,0,0,0,0,0,0,0,0,0,0,0,0,0,0,0,0,0,0,0,0,0,0,0,0,0,0,0,0,0,0,0,0,0,0,0,0,0,0,0,0,0,0,0,0,0,0,0,0,0,0,0,0,0,0,0,0,0,0,0,0,0
154f80bd-984c-4792-bb89-20c4da0c08e0,ICGC,Colorectal,0,0,0,0,0,0,0,0,0,0,241165.319027842,0,0,0,0,0,0,0,0,0,0,0,0,0,0,0,0,0,0,0,0,0,0,0,0,0,0,0,0,0,0,0,0,0,0,0,0,0,0,0,0,0,0,0,0,0,0,0,0,0,0,0,0,0,0,0,0,0,0,0,0,0,0,0,0,0,0,0,0,0,0,0,0,0,0,0,0,0,0,0,0,0,0,0,0,0,0,0,0,0,0,0,0,0,0,0,0,0,0,0,0,0,0,0,0,0,0,0,0,0
f38b5d2e-5cab-45c7-bb0a-38b2efc5c156,ICGC,Colorectal,2330.45941872982,0,0,0,4758.14596340151,0,0,0,0,0,0,0,0,0,0,0,0,0,1543.66759956943,0,1209.10656620022,0,0,0,0,0,0,0,0,0,0,0,0,0,0,0,0,0,0,0,0,0,0,1215.33511402738,0,0,0,0,0,0,0,0,0,0,0,0,0,0,0,0,0,0,0,0,0,0,0,0,0,0,0,523.285338071875,0,0,0,0,0,0,0,0,0,0,0,0,0,0,0,0,0,0,0,0,0,0,0,0,0,0,0,0,0,0,0,0,0,0,0,0,0,0,0,0,0,0,0,0,0,0,0,0
6051f40a-99e5-4461-9255-0e70d757b4d5,ICGC,Colorectal,0,0,0,0,6211.06881096757,0,0,0,0,0,0,0,0,0,0,0,0,0,19453.6117848669,0,0,0,0,0,0,0,0,0,0,0,0,0,0,0,0,0,0,0,0,0,0,0,0,2203.00989629023,0,0,0,0,0,0,0,0,0,0,0,0,0,0,0,0,0,0,0,0,0,0,0,0,0,0,0,948.547248450481,0,0,0,0,0,0,0,0,0,0,0,0,0,0,0,0,0,0,0,0,0,0,0,0,0,0,0,0,0,0,0,0,0,0,0,0,0,0,0,0,0,0,0,0,0,0,0,0
2cdc4cce-0877-4ec1-85f5-20c909912e65,ICGC,Colorectal,3793.17798461807,0,0,0,0,0,0,0,0,0,0,0,0,0,0,0,0,0,0,0,6698.39953679427,0,0,0,0,0,0,0,0,0,0,0,0,0,0,0,0,0,0,0,0,0,0,0,0,0,0,0,0,0,0,0,0,0,0,0,0,0,0,0,0,0,0,0,0,0,0,0,0,0,0,0,0,0,0,0,0,0,0,0,0,0,0,0,0,0,0,0,0,0,0,0,0,0,0,0,0,0,0,0,0,0,0,0,0,0,0,0,0,0,0,0,0,0,0,0,0,0,0,0
a64000df-16e5-4b88-865f-5c680adf60eb,ICGC,Colorectal,3244.11329978433,0,0,0,761.912868439971,0,0,0,0,0,0,0,0,0,0,0,0,0,0,0,2014.98030194105,0,0,0,0,0,0,0,0,0,0,0,0,0,0,0,0,0,0,0,0,0,0,472.294090427278,0,0,0,0,0,0,0,0,0,0,0,0,0,0,0,0,0,0,0,0,0,0,0,0,0,0,0,203.355082829459,0,0,0,0,0,0,0,0,0,0,0,0,0,0,0,0,0,0,0,0,0,0,0,0,0,0,0,0,0,0,0,0,0,0,0,0,0,0,0,0,0,0,0,0,0,0,0,0
4019c219-c51e-479f-8a9d-cfa6816ed696,ICGC,Colorectal,5471.63740676994,0,0,0,0,0,0,0,0,0,0,0,0,0,0,0,0,0,4935.32989099254,0,5588.70453241538,0,0,0,0,0,0,0,0,0,0,0,0,0,0,0,0,0,0,0,0,0,0,3155.1003906073,0,0,0,0,0,0,0,0,0,0,0,0,0,0,0,0,0,0,0,0,0,0,0,0,0,0,0,1358.4876759452,0,0,0,0,0,0,0,0,0,0,0,0,0,0,0,0,0,0,0,0,0,0,0,0,0,0,0,0,0,0,0,0,0,0,0,0,0,0,0,0,0,0,0,0,0,0,0,0
3c019b2f-52ec-40a8-99b5-98c1423ce627,ICGC,Colorectal,5831.90482692153,0,0,0,2690.14802023934,0,0,0,0,0,0,0,0,0,0,0,0,0,1615.38912537146,0,2789.67199421733,0,0,0,0,0,0,0,0,0,0,0,0,0,0,0,0,0,0,0,0,0,0,4022.09678937018,0,0,0,0,0,0,0,0,0,0,0,0,0,0,0,0,0,0,0,0,0,0,0,0,0,0,0,1731.7892438809,0,0,0,0,0,0,0,0,0,0,0,0,0,0,0,0,0,0,0,0,0,0,0,0,0,0,0,0,0,0,0,0,0,0,0,0,0,0,0,0,0,0,0,0,0,0,0,0
9e5f0a23-e184-4611-b42b-e882dcf23acd,ICGC,Colorectal,3688.41125564687,0,0,0,6298.03230283568,0,0,0,0,0,0,0,0,0,0,0,0,0,1180.91234420073,0,3302.44965438415,0,0,0,0,0,0,0,0,0,0,0,0,0,0,0,0,0,0,0,0,0,0,2743.79990763467,0,0,0,0,0,0,0,0,0,0,0,0,0,0,0,0,0,0,0,0,0,0,0,0,0,0,0,1181.39453529839,0,0,0,0,0,0,0,0,0,0,0,0,0,0,0,0,0,0,0,0,0,0,0,0,0,0,0,0,0,0,0,0,0,0,0,0,0,0,0,0,0,0,0,0,0,0,0,0
d3daf373-1485-455e-a0a1-8e33d215d623,ICGC,Colorectal,4980.00010037137,0,0,0,4077.09073572217,0,0,0,0,0,0,0,0,0,0,0,0,0,3178.68091940179,0,1964.80277024992,0,0,0,0,0,0,0,0,0,0,0,0,0,0,0,0,0,0,0,0,0,0,0,0,0,0,0,0,0,0,0,0,0,0,0,0,0,0,0,0,0,0,0,0,0,0,0,0,0,0,0,0,0,0,0,0,0,0,0,0,0,0,0,0,0,0,0,0,0,0,0,0,0,0,0,0,0,0,0,0,0,0,0,0,0,0,0,0,0,0,0,0,0,0,0,0,0,0,0
6ca5c1bb-275b-4d05-948a-3c6c7d03fab9,ICGC,Colorectal,85293,0,0,0,0,0,0,0,0,0,709037,0,0,0,0,0,0,0,0,0,0,0,0,0,0,0,0,0,0,0,0,0,0,0,0,0,0,0,0,0,0,0,0,0,0,0,0,0,0,0,0,0,0,0,0,0,0,0,0,0,0,0,0,0,0,0,0,0,0,0,0,0,0,0,0,0,0,0,0,0,0,0,0,0,0,0,0,0,0,0,0,0,0,0,0,0,0,0,0,0,0,0,0,0,0,0,0,0,0,0,0,0,0,0,0,0,0,0,0,0
66701395-5a53-41bb-866b-3bbf08bc33ab,ICGC,Colorectal,6622.97012202538,0,0,0,1360.67207199903,0,0,0,0,0,0,0,0,0,0,0,0,0,0,0,2724.84201564844,0,0,0,0,0,0,0,0,0,0,0,0,0,0,0,0,0,0,0,0,0,0,907.128978917409,0,0,0,0,0,0,0,0,0,0,0,0,0,0,0,0,0,0,0,0,0,0,0,0,0,0,0,390.581403374887,0,0,0,0,0,0,0,0,0,0,0,0,0,0,0,0,0,0,0,0,0,0,0,0,0,0,0,0,0,0,0,0,0,0,0,0,0,0,0,0,0,0,0,0,0,0,0,0
428c100f-d7d0-4860-a8fc-2bae6a4bba95,ICGC,Colorectal,3565.36717815863,0,0,0,2787.83230370666,0,0,0,0,0,0,0,0,0,0,0,0,0,5050.97847748107,0,2292.12883618972,0,0,0,0,0,0,0,0,0,0,0,0,0,0,0,0,0,0,0,0,0,0,942.767127498255,0,0,0,0,0,0,0,0,0,0,0,0,0,0,0,0,0,0,0,0,0,0,0,0,0,0,0,405.926076965848,0,0,0,0,0,0,0,0,0,0,0,0,0,0,0,0,0,0,0,0,0,0,0,0,0,0,0,0,0,0,0,0,0,0,0,0,0,0,0,0,0,0,0,0,0,0,0,0
03cff38d-7e29-4409-a508-749bddb1b3df,ICGC,Colorectal,0,0,0,0,1954.08057740562,0,0,0,0,0,0,0,0,0,0,0,0,0,0,0,2229.02909583016,0,0,0,0,0,0,0,0,0,0,0,0,0,0,0,0,0,0,0,0,0,0,8111.61613890314,0,0,0,0,0,0,0,0,0,0,0,0,0,0,0,0,0,0,0,0,0,0,0,0,0,0,0,3492.60853616675,0,0,0,0,0,0,0,0,0,0,0,0,0,0,0,0,0,0,0,0,0,0,0,0,0,0,0,0,0,0,0,0,0,0,0,0,0,0,0,0,0,0,0,0,0,0,0,0
aa06ae46-2336-4666-a3af-fc790daf8da4,ICGC,Colorectal,4302.12758972863,0,0,0,4796.69973737963,0,0,0,0,0,0,0,0,0,0,0,0,0,895.130580682813,0,1901.7774292384,0,0,0,0,0,0,0,0,0,0,0,0,0,0,0,0,0,0,0,0,0,0,1268.21213243242,0,0,0,0,0,0,0,0,0,0,0,0,0,0,0,0,0,0,0,0,0,0,0,0,0,0,0,546.052530538341,0,0,0,0,0,0,0,0,0,0,0,0,0,0,0,0,0,0,0,0,0,0,0,0,0,0,0,0,0,0,0,0,0,0,0,0,0,0,0,0,0,0,0,0,0,0,0,0
14c5b81d-da49-4db1-9834-77711c2b1d38,ICGC,Colorectal,0,0,0,0,0,0,0,0,0,0,2281828.6219822,0,0,0,0,0,0,0,126657.814238275,0,0,0,0,0,0,0,0,0,0,0,0,0,0,0,0,0,0,0,0,0,0,0,0,0,0,0,0,0,0,0,0,0,0,0,0,0,0,0,0,0,0,0,0,0,0,0,0,0,0,0,0,0,0,0,0,0,0,0,0,0,0,0,0,0,0,0,0,0,0,0,0,0,0,0,0,0,0,0,0,0,0,0,0,0,0,0,0,0,0,0,0,0,0,0,0,0,0,0,0,0
7d59205a-65ec-4341-9748-28639d82ed29,ICGC,Colorectal,5448.20238160267,0,0,0,835.454361719561,0,0,0,0,0,0,0,0,0,0,0,0,0,0,0,1081.94089692467,0,0,0,0,0,0,0,0,0,0,0,0,0,0,0,0,0,0,0,0,0,0,972.636915955938,0,0,0,0,0,0,0,0,0,0,0,0,0,0,0,0,0,0,0,0,0,0,0,0,0,0,0,418.787074867421,0,0,0,0,0,0,0,0,0,0,0,0,0,0,0,0,0,0,0,0,0,0,0,0,0,0,0,0,0,0,0,0,0,0,0,0,0,0,0,0,0,0,0,0,0,0,0,0
bb6150f7-23e4-40f2-b466-6b6edd19c502,ICGC,Colorectal,4848.97320993668,0,0,0,0,0,0,0,0,0,0,0,0,0,0,0,0,0,0,0,1821.67231988664,0,0,0,0,0,0,0,0,0,0,0,0,0,0,0,0,0,0,0,2809.63875481557,0,0,0,0,0,0,0,0,0,0,0,0,0,0,0,0,0,0,0,0,0,0,0,0,0,0,0,0,0,0,0,0,0,0,0,0,0,0,0,0,0,0,0,0,0,0,0,0,0,0,0,0,0,0,0,0,0,0,0,0,0,0,0,0,0,0,0,0,0,0,0,0,0,0,0,0,0,0,0
d452293a-6148-4fcf-9fbc-446815016751,ICGC,Colorectal,2875.42757163608,0,0,0,706.711078832695,0,0,0,0,0,0,0,0,0,0,0,0,0,0,0,3068.25802191998,0,0,0,0,0,0,0,0,0,0,0,0,0,0,0,0,0,0,0,0,0,0,381.621334273593,0,0,0,0,0,0,0,0,0,0,0,0,0,0,0,0,0,0,0,0,0,0,0,0,0,0,0,164.314226270515,0,0,0,0,0,0,0,0,0,0,0,0,0,0,0,0,0,0,0,0,0,0,0,0,0,0,0,0,0,0,0,0,0,0,0,0,0,0,0,0,0,0,0,0,0,0,0,0
faff4626-615b-416a-b7a6-9d177dcc94a9,ICGC,Colorectal,2649.31552144769,0,0,0,0,0,0,0,0,0,0,0,0,0,0,0,0,0,2630.30967100121,0,0,0,0,0,0,0,0,0,0,0,0,0,0,0,0,0,0,0,0,0,0,0,0,9979.52350621278,0,0,0,0,0,0,0,0,0,0,0,0,0,0,0,0,0,0,0,0,0,0,0,0,0,0,0,4296.87110285134,0,0,0,0,0,0,0,0,0,0,0,0,0,0,0,0,0,0,0,0,0,0,0,0,0,0,0,0,0,0,0,0,0,0,0,0,0,0,0,0,0,0,0,0,0,0,0,0
5b180356-cf58-4fad-a3d4-00fc12b43fcc,ICGC,Colorectal,1230.11324929251,0,0,0,8347.98219706715,0,0,0,0,0,0,0,0,0,0,0,0,0,0,0,1953.59171597633,0,0,0,0,0,0,0,0,0,0,0,0,0,0,0,0,0,0,0,0,0,0,4768.09158891131,0,0,0,0,0,0,0,0,0,0,0,0,0,0,0,0,0,0,0,0,0,0,0,0,0,0,0,2052.99130277981,0,0,0,0,0,0,0,0,0,0,0,0,0,0,0,0,0,0,0,0,0,0,0,0,0,0,0,0,0,0,0,0,0,0,0,0,0,0,0,0,0,0,0,0,0,0,0,0
cd3d7559-b583-4474-81df-4bf9232de3c2,ICGC,Colorectal,3266.57598961713,0,0,0,720.90642439974,0,0,0,0,0,0,0,0,0,0,0,0,0,0,0,2082.72965606749,0,0,0,0,0,0,0,0,0,0,0,0,0,0,0,0,0,0,0,0,0,0,826.836495371474,0,0,0,0,0,0,0,0,0,0,0,0,0,0,0,0,0,0,0,0,0,0,0,0,0,0,0,356.009967964177,0,0,0,0,0,0,0,0,0,0,0,0,0,0,0,0,0,0,0,0,0,0,0,0,0,0,0,0,0,0,0,0,0,0,0,0,0,0,0,0,0,0,0,0,0,0,0,0
81b1e78c-6032-4ff4-b52a-83456b9450ea,ICGC,Colorectal,4305.18000743218,0,0,0,5494.09163879599,0,0,0,0,0,0,0,0,0,0,0,0,0,0,0,3069.27186919361,0,0,0,0,0,0,0,0,0,0,0,0,0,0,0,0,0,0,0,0,0,0,2125.2204722492,10305.7340022297,0,0,0,0,0,0,0,0,0,0,0,0,0,0,0,0,0,0,0,0,0,0,0,0,0,0,915.053552277386,0,0,0,0,0,0,0,0,0,0,0,0,0,0,0,0,0,0,0,0,0,0,0,0,0,0,0,0,0,0,0,0,0,0,0,0,0,0,0,0,0,0,0,0,0,0,0,0
8da641e4-9b12-4163-bd1e-9d5af91e5186,ICGC,Colorectal,6611.28114358509,0,0,0,5179.89551434381,0,0,0,0,0,0,0,0,0,0,0,0,0,0,0,3956.06580268992,0,0,0,0,0,0,0,0,0,0,0,0,0,0,0,0,0,0,0,0,0,0,2536.03846484221,0,0,0,0,0,0,0,0,0,0,0,0,0,0,0,0,0,0,0,0,0,0,0,0,0,0,0,1091.93894763773,0,0,0,0,0,0,0,0,0,0,0,0,0,0,0,0,0,0,0,0,0,0,0,0,0,0,0,0,0,0,0,0,0,0,0,0,0,0,0,0,0,0,0,0,0,0,0,0
786fc3e4-e2bf-4914-9251-41c800ebb2fa,ICGC,Colorectal,5011.13112422976,0,0,0,2080.31817985953,0,0,0,0,0,0,0,0,0,0,0,0,0,911.386995303141,0,2308.41448700823,0,0,0,0,0,0,0,0,0,0,0,0,0,0,0,0,0,0,0,0,0,0,888.981533409431,0,0,0,0,0,0,0,0,0,0,0,0,0,0,0,0,0,0,0,0,0,0,0,0,0,0,0,382.767680190082,0,0,0,0,0,0,0,0,0,0,0,0,0,0,0,0,0,0,0,0,0,0,0,0,0,0,0,0,0,0,0,0,0,0,0,0,0,0,0,0,0,0,0,0,0,0,0,0
14334aea-2dae-428c-9d4a-1a37878dfc3f,ICGC,Colorectal,5850.52403110865,0,0,0,3422.55156031369,0,0,0,0,0,0,0,0,0,0,0,0,0,0,0,1312.94435586216,0,0,0,0,0,0,0,0,0,0,0,0,0,0,0,0,0,0,0,0,0,0,2889.93473763139,0,0,0,0,0,0,0,0,0,0,0,0,0,0,0,0,0,0,0,0,0,0,0,0,0,0,0,1244.31562844899,0,0,0,0,0,0,0,0,0,0,0,0,0,0,0,0,0,0,0,0,0,0,0,0,0,0,0,0,0,0,0,0,0,0,0,0,0,0,0,0,0,0,0,0,0,0,0,0
ecf4e05a-0912-4b93-ad66-323002f0c845,ICGC,Colorectal,5235.46378666667,0,0,0,0,0,0,0,0,0,0,0,0,0,0,0,0,0,0,0,2446.08554666667,0,0,0,0,0,0,0,0,0,0,0,0,0,0,0,0,0,0,0,0,0,0,548.50143033915,0,0,0,0,0,0,0,0,0,0,0,0,0,0,0,0,0,0,0,0,0,0,0,0,0,0,0,236.167582994285,0,0,0,0,0,0,0,0,0,0,0,0,0,0,0,0,0,0,0,0,0,0,0,0,0,0,0,0,0,0,0,0,0,0,0,0,0,0,0,0,0,0,0,0,0,0,0,0
3bb4c27b-4d0d-4d13-b910-41a9ebf95880,ICGC,Esophagus,2021.68107333923,2167.22576407894,1199.93967838167,0,0,0,0,0,2140.68572706984,0,0,0,0,0,2255.76427341134,0,0,0,8084.22345086145,0,1999.17349087999,0,0,0,0,0,0,2266.26346939635,0,0,0,0,0,0,0,0,0,0,0,0,0,0,0,0,0,0,0,0,0,0,0,0,0,0,0,0,0,0,0,0,0,0,0,0,0,0,0,0,0,0,0,0,0,0,0,0,0,0,0,0,0,0,0,0,0,0,0,0,0,0,0,0,0,0,0,0,0,0,0,0,0,0,0,0,0,0,0,0,0,0,0,0,0,0,0,0,0,0,0,0
cb753e6f-5ea3-4b58-9db3-7a62d15c8b2e,ICGC,Esophagus,5002.39339089015,0,1465.7819406634,0,0,0,0,0,2614.94684766714,0,0,0,0,0,0,0,0,0,2590.46263768979,0,4677.33533789818,0,0,0,0,0,0,2382.42548377493,0,0,0,0,0,0,0,0,0,0,0,0,0,0,0,2000.8573384936,0,0,0,0,0,0,1616.78874665079,0,0,0,0,0,0,0,0,0,0,0,0,0,0,0,0,0,0,0,0,0,0,0,0,0,0,0,0,0,0,0,0,0,0,0,0,0,0,0,0,0,0,0,0,0,0,0,0,0,0,0,0,0,0,0,0,0,0,0,0,0,0,0,0,0,0,0,0,0
bb5bedd3-d8fc-4739-8e6b-9e37223f8be2,ICGC,Esophagus,2393.2436876101,0,0,0,0,0,0,0,0,0,0,0,0,0,0,0,0,0,10457.7831100197,0,3126.65707574868,0,0,0,0,0,0,0,0,0,0,0,0,0,0,0,0,0,0,0,0,0,0,0,0,0,0,0,0,0,0,0,0,0,0,0,0,0,0,0,0,0,0,0,0,0,0,0,0,0,0,0,0,0,0,0,0,0,0,0,0,0,0,0,0,0,0,0,0,0,0,0,0,0,0,0,0,0,0,0,0,0,0,0,0,0,0,0,0,0,0,0,0,0,0,0,0,0,0,0
ba096d4f-5a6c-4c31-ae03-e7483cf58c38,ICGC,Esophagus,1110.69185676634,2188.42292779247,0,0,0,0,0,0,0,0,0,0,0,0,2277.8274130229,0,0,0,0,0,0,0,0,0,0,0,0,0,0,0,0,0,0,0,0,0,0,0,0,0,0,0,0,0,0,0,0,0,0,0,4753.04167045351,0,0,0,0,0,0,0,0,0,0,0,0,0,0,0,0,0,0,0,0,0,0,0,0,0,0,0,0,0,0,0,0,0,0,0,0,0,0,0,0,0,0,0,0,0,0,0,0,0,0,0,0,0,0,0,0,0,0,0,0,0,0,0,0,0,0,0,0,0
9bb9164e-ea1b-49ab-bbcc-f59cf8c32345,ICGC,Esophagus,1688.55360294682,0,741.845116235828,0,0,0,0,0,1323.44757043477,0,0,0,0,0,0,0,0,0,0,0,830.732253856189,0,0,0,0,0,0,0,0,0,0,0,0,0,0,0,0,0,0,0,0,0,0,758.494666564347,0,0,0,0,0,0,673.715831478781,0,0,0,0,0,0,0,0,0,0,0,0,0,0,0,0,0,0,0,0,0,0,0,0,0,0,0,0,0,0,0,0,0,0,0,0,0,0,0,0,0,0,0,0,0,0,0,0,0,0,0,0,0,0,0,0,0,0,0,0,0,0,0,0,0,0,0,0,0
7c5c2293-3f40-4ae3-8346-6a327b2abf4d,ICGC,Esophagus,0,0,0,0,0,0,0,0,0,0,0,0,0,0,0,0,0,0,35797.0209402395,0,0,0,0,0,0,0,0,20945.1558958734,0,0,0,0,0,0,0,0,0,0,0,0,0,0,0,0,0,0,0,0,0,0,7141.09880799658,0,0,0,0,0,0,0,0,0,0,0,0,0,0,0,0,0,0,0,0,0,0,0,0,0,0,0,0,0,0,0,0,0,0,0,0,0,0,0,0,0,0,0,0,0,0,0,0,0,0,0,0,0,0,0,0,0,0,0,0,0,0,0,0,0,0,0,0,0
a37a825c-d74e-46cc-92ef-b65016857b4a,ICGC,Esophagus,6375.7716802168,748.503502900513,0,0,0,0,0,0,0,0,0,0,0,0,779.082404958303,0,0,0,8283.75447154472,0,1583.57073170732,0,0,0,0,0,0,2946.20135501355,0,0,0,0,0,0,0,0,0,0,0,0,0,0,0,1646.05379403794,0,0,0,0,0,0,1901.48455284553,0,0,0,0,0,0,0,0,0,0,0,0,0,0,0,0,0,0,0,0,0,0,0,0,0,0,0,0,0,0,0,0,0,0,0,0,0,0,0,0,0,0,0,0,0,0,0,0,0,0,0,0,0,0,0,0,0,0,0,0,0,0,0,0,0,0,0,0,0
96a2896c-1e32-4827-a526-6b7104832f9a,ICGC,Esophagus,4201.98517051493,0,0,0,0,0,0,0,0,0,0,0,0,0,0,0,0,0,19529.1404695199,0,2740.22915660323,0,0,0,0,0,0,8720.95956912376,0,0,0,0,0,0,0,0,0,0,0,0,0,0,0,0,0,0,0,0,0,0,2933.02671239494,0,0,0,0,0,0,0,0,0,0,0,0,0,0,0,0,0,0,0,0,0,0,0,0,0,0,0,0,0,0,0,0,0,0,0,0,0,0,0,0,0,0,0,0,0,0,0,0,0,0,0,0,0,0,0,0,0,0,0,0,0,0,0,0,0,0,0,0,0
09497b9b-6fca-48cb-af97-161a3e434a51,ICGC,Esophagus,1923.01732306781,828.493675785874,1417.428691747,0,0,0,0,0,2528.68491994057,0,0,0,0,0,862.340447202683,0,0,0,0,0,0,0,0,0,0,0,0,0,0,0,0,0,0,0,0,0,0,0,0,0,0,0,0,1330.04945217649,0,0,0,0,0,0,0,0,0,0,0,0,0,0,0,0,0,0,0,0,0,0,0,0,0,0,0,0,0,0,0,0,0,0,0,0,0,0,0,0,0,0,0,0,0,0,0,0,0,0,0,0,0,0,0,0,0,0,0,0,0,0,0,0,0,0,0,0,0,0,0,0,0,0,0,0
b02b4bba-6e66-44fb-a48f-38c309aaaac5,ICGC,Esophagus,8325.55223291111,819.81066965918,469.641502032956,0,0,0,0,0,837.837833312993,0,0,0,0,0,853.302710880491,0,0,0,1122.411487573,0,1061.88929951759,0,0,0,0,0,0,1234.45256298135,0,0,0,0,0,0,0,0,0,0,0,0,0,0,0,1582.08000677067,0,0,0,0,0,0,0,0,0,0,0,0,0,0,0,0,0,0,0,0,0,0,0,0,0,0,0,0,0,0,0,0,0,0,0,0,0,0,0,0,0,0,0,0,0,0,0,0,0,0,0,0,0,0,0,0,0,0,0,0,0,0,0,0,0,0,0,0,0,0,0,0,0,0,0,0
47874ff4-0b1c-4a31-9192-2a10e93ce9a1,ICGC,Esophagus,5292.09327048697,1063.44395548664,1305.75713276626,0,0,0,0,0,2329.46347844935,0,0,0,0,0,1106.8892412238,0,0,0,0,0,2989.77021799831,0,0,0,0,0,0,0,0,0,0,0,0,0,0,0,0,0,0,0,0,0,0,2445.81202448959,0,0,0,0,0,0,0,0,0,0,0,0,0,0,0,0,0,0,0,0,0,0,0,0,0,0,0,0,0,0,0,0,0,0,0,0,0,0,0,0,0,0,0,0,0,0,0,0,0,0,0,0,0,0,0,0,0,0,0,0,0,0,0,0,0,0,0,0,0,0,0,0,0,0,0,0
31f3ff14-7d74-447c-a5da-9ad8336c3f3f,ICGC,Esophagus,2910.78779092185,0,2127.93391388207,0,0,0,0,0,3796.22229322289,0,0,0,0,0,0,0,0,0,11971.4091645203,0,2327.3292101732,0,0,0,0,0,0,2903.78228480651,0,0,0,0,0,0,0,0,0,0,0,0,0,0,0,2438.41652143066,0,0,0,0,0,0,2926.80037632833,0,0,0,0,0,0,0,0,0,0,0,0,0,0,0,0,0,0,0,0,0,0,0,0,0,0,0,0,0,0,0,0,0,0,0,0,0,0,0,0,0,0,0,0,0,0,0,0,0,0,0,0,0,0,0,0,0,0,0,0,0,0,0,0,0,0,0,0,0
35dc84c1-476c-4d48-ae23-622bf6e043ac,ICGC,Esophagus,4466.97094211124,1021.16759753683,1207.7871219237,0,0,0,0,0,2154.68552279878,0,0,0,0,0,1062.88575093046,0,0,0,16256.1158910329,0,0,0,0,0,0,0,0,3740.80079455165,0,0,0,0,0,0,0,0,0,0,0,0,0,0,0,3353.97650397276,0,0,0,0,0,0,0,0,0,0,0,0,0,0,0,0,0,0,0,0,0,0,0,0,0,0,0,0,0,0,0,0,0,0,0,0,0,0,0,0,0,0,0,0,0,0,0,0,0,0,0,0,0,0,0,0,0,0,0,0,0,0,0,0,0,0,0,0,0,0,0,0,0,0,0,0
9749a9a5-cb7f-4038-a5f9-5e2d6b97c689,ICGC,Esophagus,3777.10137236962,0,859.405547347509,0,0,0,0,0,1533.17472712681,0,0,0,0,0,0,0,0,0,0,0,3539.94034766697,0,0,0,0,0,0,0,0,0,0,0,0,0,0,0,0,0,0,0,0,0,0,887.731161939616,0,0,0,0,0,0,1309.12885635865,0,0,0,0,0,0,0,0,0,0,0,0,0,0,0,0,0,0,0,0,0,0,0,0,0,0,0,0,0,0,0,0,0,0,0,0,0,0,0,0,0,0,0,0,0,0,0,0,0,0,0,0,0,0,0,0,0,0,0,0,0,0,0,0,0,0,0,0,0
6a0d0c42-1884-4c6a-936a-678a822c0936,ICGC,Esophagus,2940.46250940293,0,1184.43409872899,0,0,0,0,0,2113.02385901894,0,0,0,0,0,0,0,0,0,10444.8668290133,0,4724.93975750003,0,0,0,0,0,0,14270.3180549004,0,0,0,0,0,0,0,0,0,0,0,0,0,0,0,0,0,0,0,0,0,0,2506.96803641324,0,0,0,0,0,0,0,0,0,0,0,0,0,0,0,0,0,0,0,0,0,0,0,0,0,0,0,0,0,0,0,0,0,0,0,0,0,0,0,0,0,0,0,0,0,0,0,0,0,0,0,0,0,0,0,0,0,0,0,0,0,0,0,0,0,0,0,0,0
4283773c-c04b-4f33-a398-f3566f6d293a,ICGC,Esophagus,3152.91031826172,0,0,0,0,0,0,0,0,0,0,0,0,0,0,0,0,0,20091.2423800441,0,0,0,0,0,0,0,0,7204.65253001234,0,0,0,0,0,0,0,0,0,0,0,0,0,0,0,0,0,0,0,0,0,0,4491.65993492651,0,0,0,0,0,0,0,0,0,0,0,0,0,0,0,0,0,0,0,0,0,0,0,0,0,0,0,0,0,0,0,0,0,0,0,0,0,0,0,0,0,0,0,0,0,0,0,0,0,0,0,0,0,0,0,0,0,0,0,0,0,0,0,0,0,0,0,0,0
ded8b673-53df-4038-a375-7cd0fd2a1b9f,ICGC,Esophagus,2584.15505350773,912.936623087171,672.832757699854,0,0,0,0,0,1200.3299057963,0,0,0,0,0,950.233174772197,0,0,0,3904.2126040428,0,1616.84565992866,0,0,0,0,0,0,0,0,0,0,0,0,0,0,0,0,0,0,0,0,0,0,1212.13460166468,0,0,0,0,0,0,1059.24375743163,0,0,0,0,0,0,0,0,0,0,0,0,0,0,0,0,0,0,0,0,0,0,0,0,0,0,0,0,0,0,0,0,0,0,0,0,0,0,0,0,0,0,0,0,0,0,0,0,0,0,0,0,0,0,0,0,0,0,0,0,0,0,0,0,0,0,0,0,0
64623aaa-a274-4baa-8b71-958d9c8df733,ICGC,Esophagus,0,5561.60677701875,6013.49089939428,0,0,0,0,0,10728.0343921614,0,0,0,0,0,5788.81724197899,0,0,0,11986.1718124136,0,0,0,0,0,0,0,0,6759.63468150721,0,0,0,0,0,0,0,0,0,0,0,0,0,0,0,4704.83378823863,0,0,0,0,0,0,0,0,0,0,0,0,0,0,0,0,0,0,0,0,0,0,0,0,0,0,0,0,0,0,0,0,0,0,0,0,0,0,0,0,0,0,0,0,0,0,0,0,0,0,0,0,0,0,0,0,0,0,0,0,0,0,0,0,0,0,0,0,0,0,0,0,0,0,0,0
dd7d623b-b9af-4147-9aa6-e09793691f10,ICGC,Esophagus,2880.40630581124,0,0,0,0,0,0,0,0,0,0,0,0,0,0,0,0,0,13225.2740761094,0,4819.50662865778,0,0,0,0,0,0,5047.95954114576,0,0,0,0,0,0,0,0,0,0,0,0,0,0,0,0,0,0,0,0,0,0,0,0,0,0,0,0,0,0,0,0,0,0,0,0,0,0,0,0,0,0,0,0,0,0,0,0,0,0,0,0,0,0,0,0,0,0,0,0,0,0,0,0,0,0,0,0,0,0,0,0,0,0,0,0,0,0,0,0,0,0,0,0,0,0,0,0,0,0,0,0
a08c196e-4f96-4b16-94b4-aa6a0153ac50,ICGC,Esophagus,6626.67554592822,0,0,0,0,0,0,0,0,0,0,0,0,0,0,0,0,0,29963.1641590071,0,3470.94924184767,0,0,0,0,0,0,6256.50090744102,0,0,0,0,0,0,0,0,0,0,0,0,0,0,0,0,0,0,0,0,0,0,8414.10450207833,0,0,0,0,0,0,0,0,0,0,0,0,0,0,0,0,0,0,0,0,0,0,0,0,0,0,0,0,0,0,0,0,0,0,0,0,0,0,0,0,0,0,0,0,0,0,0,0,0,0,0,0,0,0,0,0,0,0,0,0,0,0,0,0,0,0,0,0,0
ce799e7b-30e7-44a5-a185-3e50d5e059ef,ICGC,Esophagus,1117.06478389467,0,482.321340446305,0,0,0,0,0,860.45859467461,0,0,0,0,0,0,0,0,0,3425.76543268773,0,1038.99036351493,0,0,0,0,0,0,1235.1773685717,0,0,0,0,0,0,0,0,0,0,0,0,0,0,0,754.719397004103,0,0,0,0,0,0,1394.32907165347,0,0,0,0,0,0,0,0,0,0,0,0,0,0,0,0,0,0,0,0,0,0,0,0,0,0,0,0,0,0,0,0,0,0,0,0,0,0,0,0,0,0,0,0,0,0,0,0,0,0,0,0,0,0,0,0,0,0,0,0,0,0,0,0,0,0,0,0,0
0e872e0d-4711-4364-a5d0-6beeb6fd3ff2,ICGC,Esophagus,3772.46436817737,0,1061.56430698076,0,0,0,0,0,1893.82483241602,0,0,0,0,0,0,0,0,0,16990.3584337713,0,0,0,0,0,0,0,0,3222.74096057833,0,0,0,0,0,0,0,0,0,0,0,0,0,0,0,8807.08967493139,0,0,0,0,0,0,2434.20328574364,0,0,0,0,0,0,0,0,0,0,0,0,0,0,0,0,0,0,0,0,0,0,0,0,0,0,0,0,0,0,0,0,0,0,0,0,0,0,0,0,0,0,0,0,0,0,0,0,0,0,0,0,0,0,0,0,0,0,0,0,0,0,0,0,0,0,0,0,0
e7a0889c-dd8c-4230-9c63-384f1f6ee577,ICGC,Esophagus,4344.49957994959,0,0,0,0,0,0,0,0,0,0,0,0,0,0,0,0,0,6795.79529543546,0,4215.74768972277,0,0,0,0,0,0,0,0,0,0,0,0,0,0,0,0,0,0,0,0,0,0,0,0,0,0,0,0,0,1257.96107532904,0,0,0,0,0,0,0,0,0,0,0,0,0,0,0,0,0,0,0,0,0,0,0,0,0,0,0,0,0,0,0,0,0,0,0,0,0,0,0,0,0,0,0,0,0,0,0,0,0,0,0,0,0,0,0,0,0,0,0,0,0,0,0,0,0,0,0,0,0
6495e68e-1434-45d3-a03d-f286447dda79,ICGC,Esophagus,3701.92682219968,0,893.959580266812,0,0,0,0,0,1594.81893009443,0,0,0,0,0,0,0,0,0,2345.32009853644,0,5208.9899289958,0,0,0,0,0,0,0,0,0,0,0,0,0,0,0,0,0,0,0,0,0,0,1753.49166787422,0,0,0,0,0,0,2824.18127807564,0,0,0,0,0,0,0,0,0,0,0,0,0,0,0,0,0,0,0,0,0,0,0,0,0,0,0,0,0,0,0,0,0,0,0,0,0,0,0,0,0,0,0,0,0,0,0,0,0,0,0,0,0,0,0,0,0,0,0,0,0,0,0,0,0,0,0,0,0
35eb6ecf-9514-4416-94b1-02200c0a1571,ICGC,Esophagus,6526.57853561787,0,841.376348921692,0,0,0,0,0,1501.01073718966,0,0,0,0,0,0,0,0,0,0,0,4458.23673626797,0,0,0,0,0,0,0,0,0,0,0,0,0,0,0,0,0,0,0,0,0,0,1807.29866123079,0,0,0,0,0,0,1274.71064955099,0,0,0,0,0,0,0,0,0,0,0,0,0,0,0,0,0,0,0,0,0,0,0,0,0,0,0,0,0,0,0,0,0,0,0,0,0,0,0,0,0,0,0,0,0,0,0,0,0,0,0,0,0,0,0,0,0,0,0,0,0,0,0,0,0,0,0,0,0
0250e6f7-2538-4d1f-a8ff-ca34a7057dde,ICGC,Esophagus,4715.61626462283,1994.33623955717,1920.29729299744,0,0,0,0,0,3425.79971386106,0,0,0,0,0,2075.81162651715,0,0,0,2930.58639774102,0,3528.09429608713,0,0,0,0,0,0,2623.33944332392,0,0,0,0,0,0,0,0,0,0,0,0,0,0,0,5607.38181524808,0,0,0,0,0,0,0,0,0,0,0,0,0,0,0,0,0,0,0,0,0,0,0,0,0,0,0,0,0,0,0,0,0,0,0,0,0,0,0,0,0,0,0,0,0,0,0,0,0,0,0,0,0,0,0,0,0,0,0,0,0,0,0,0,0,0,0,0,0,0,0,0,0,0,0,0
1bb2bdb7-8a89-4e7d-903d-03a6f8018efb,ICGC,Esophagus,3105.77842525466,352.80742062896,450.58288571386,0,0,0,0,0,803.837367567071,0,0,0,0,0,367.220798146725,0,0,0,0,0,3244.38010461595,0,0,0,0,0,0,0,0,0,0,0,0,0,0,0,0,0,0,0,0,0,0,1122.32334587501,0,0,0,0,0,0,927.180187207488,0,0,0,0,0,0,0,0,0,0,0,0,0,0,0,0,0,0,0,0,0,0,0,0,0,0,0,0,0,0,0,0,0,0,0,0,0,0,0,0,0,0,0,0,0,0,0,0,0,0,0,0,0,0,0,0,0,0,0,0,0,0,0,0,0,0,0,0,0
fab0be4b-c84a-45cd-a76f-44d9a8bf1846,ICGC,Esophagus,4315.64499743458,0,1269.50828769643,0,0,0,0,0,2264.79574001069,0,0,0,0,0,0,0,0,0,1240.33499230375,0,3432.19412519241,0,0,0,0,0,0,0,0,0,0,0,0,0,0,0,0,0,0,0,0,0,0,0,0,0,0,0,0,0,3676.95756798358,0,0,0,0,0,0,0,0,0,0,0,0,0,0,0,0,0,0,0,0,0,0,0,0,0,0,0,0,0,0,0,0,0,0,0,0,0,0,0,0,0,0,0,0,0,0,0,0,0,0,0,0,0,0,0,0,0,0,0,0,0,0,0,0,0,0,0,0,0
9258860c-a336-4075-996d-2ee0c18b281c,ICGC,Esophagus,2216.95949723222,0,0,0,0,0,0,0,0,0,0,0,0,0,0,0,0,0,12755.7669583645,0,3222.94111843908,0,0,0,0,0,0,4169.42382666204,0,0,0,0,0,0,0,0,0,0,0,0,0,0,0,0,0,0,0,0,0,0,1944.96446644865,0,0,0,0,0,0,0,0,0,0,0,0,0,0,0,0,0,0,0,0,0,0,0,0,0,0,0,0,0,0,0,0,0,0,0,0,0,0,0,0,0,0,0,0,0,0,0,0,0,0,0,0,0,0,0,0,0,0,0,0,0,0,0,0,0,0,0,0,0
b757a040-3c9e-45e7-a045-9cd08db11d62,ICGC,Esophagus,0,0,0,0,0,0,0,0,0,0,0,0,0,0,0,0,0,0,28273.1109159097,0,0,0,0,0,0,0,0,8716.87201660325,0,0,0,0,0,0,0,0,0,0,0,0,0,0,0,3608.29124870287,0,0,0,0,0,0,8592.93071055362,0,0,0,0,0,0,0,0,0,0,0,0,0,0,0,0,0,0,0,0,0,0,0,0,0,0,0,0,0,0,0,0,0,0,0,0,0,0,0,0,0,0,0,0,0,0,0,0,0,0,0,0,0,0,0,0,0,0,0,0,0,0,0,0,0,0,0,0,0
abe290ed-67c8-42bb-84f7-0d32a5f8f3db,ICGC,Esophagus,3304.25833333333,0,1009.30264005952,0,0,0,0,0,1800.5903086589,0,0,0,0,0,0,0,0,0,1023.18653846154,0,2213.65833333333,0,0,0,0,0,0,1897.06474358974,0,0,0,0,0,0,0,0,0,0,0,0,0,0,0,1407.19358974359,0,0,0,0,0,0,1417.18076923077,0,0,0,0,0,0,0,0,0,0,0,0,0,0,0,0,0,0,0,0,0,0,0,0,0,0,0,0,0,0,0,0,0,0,0,0,0,0,0,0,0,0,0,0,0,0,0,0,0,0,0,0,0,0,0,0,0,0,0,0,0,0,0,0,0,0,0,0,0
15e7d981-8c27-4b2b-b4f8-626e22021895,ICGC,Esophagus,1951.76923076923,830.713878861103,3078.41531935742,0,0,0,0,0,5491.87584581687,0,0,0,0,0,864.651353089754,0,0,0,5513.43569388358,0,1459.45356052398,0,0,0,0,0,0,3735.60133950556,0,0,0,0,0,0,0,0,0,0,0,0,0,0,0,0,0,0,0,0,0,0,0,0,0,0,0,0,0,0,0,0,0,0,0,0,0,0,0,0,0,0,0,0,0,0,0,0,0,0,0,0,0,0,0,0,0,0,0,0,0,0,0,0,0,0,0,0,0,0,0,0,0,0,0,0,0,0,0,0,0,0,0,0,0,0,0,0,0,0,0,0
293a2f0a-4846-4c7c-b8b1-bb741c8d3275,ICGC,Esophagus,0,5480.43340721966,0,0,0,0,0,0,0,0,0,0,0,0,5704.3276652214,0,0,0,50271.952682668,0,0,0,0,0,0,0,0,13180.8261181685,0,0,0,0,0,0,0,0,0,0,0,0,0,0,0,0,0,0,0,0,0,0,0,0,0,0,0,0,0,0,0,0,0,0,0,0,0,0,0,0,0,0,0,0,0,0,0,0,0,0,0,0,0,0,0,0,0,0,0,0,0,0,0,0,0,0,0,0,0,0,0,0,0,0,0,0,0,0,0,0,0,0,0,0,0,0,0,0,0,0,0,0
2b41746a-95c0-4875-afb5-c6d3d3ad30d9,ICGC,Esophagus,6205.96921494434,0,1964.63162087361,0,0,0,0,0,3504.89190875517,0,0,0,0,0,0,0,0,0,3954.07751368429,0,1805.3182469417,0,0,0,0,0,0,2426.11542559054,0,0,0,0,0,0,0,0,0,0,0,0,0,0,0,3361.31633665185,0,0,0,0,0,0,2717.99022813269,0,0,0,0,0,0,0,0,0,0,0,0,0,0,0,0,0,0,0,0,0,0,0,0,0,0,0,0,0,0,0,0,0,0,0,0,0,0,0,0,0,0,0,0,0,0,0,0,0,0,0,0,0,0,0,0,0,0,0,0,0,0,0,0,0,0,0,0,0
8ff9b1b6-a498-47fe-a970-ab7cfb64e653,ICGC,Esophagus,2714.08960743097,1292.39420163765,0,0,0,0,0,0,0,0,0,0,0,0,1345.19288001229,0,0,0,28157.4296358253,0,0,0,0,0,0,0,0,6578.21718411235,0,0,0,0,0,0,0,0,0,0,0,0,0,0,0,0,0,0,0,0,0,0,0,0,0,0,0,0,0,0,0,0,0,0,0,0,0,0,0,0,0,0,0,0,0,0,0,0,0,0,0,0,0,0,0,0,0,0,0,0,0,0,0,0,0,0,0,0,0,0,0,0,0,0,0,0,0,0,0,0,0,0,0,0,0,0,0,0,0,0,0,0
b53dcb4d-f894-47b8-8a4e-17c7998d8120,ICGC,Esophagus,6960.15516909946,1395.98277299423,2215.96699448127,0,0,0,0,0,3953.27282046511,0,0,0,0,0,1453.01339519484,0,0,0,14581.6576488831,0,0,0,0,0,0,0,0,0,0,0,0,0,0,0,0,0,0,0,0,0,0,0,0,2663.39870051646,0,0,0,0,0,0,0,0,0,0,0,0,0,0,0,0,0,0,0,0,0,0,0,0,0,0,0,0,0,0,0,0,0,0,0,0,0,0,0,0,0,0,0,0,0,0,0,0,0,0,0,0,0,0,0,0,0,0,0,0,0,0,0,0,0,0,0,0,0,0,0,0,0,0,0,0
f48c3c82-bebe-4b8e-909e-e1a51a7142ec,ICGC,Esophagus,3137.69566653212,0,0,0,0,0,0,0,0,0,0,0,0,0,0,0,0,0,8120.53625288959,0,9535.49710123656,0,0,0,0,0,0,2906.86518915349,0,0,0,0,0,0,0,0,0,0,0,0,0,0,0,0,0,0,0,0,0,0,2062.48530437016,0,0,0,0,0,0,0,0,0,0,0,0,0,0,0,0,0,0,0,0,0,0,0,0,0,0,0,0,0,0,0,0,0,0,0,0,0,0,0,0,0,0,0,0,0,0,0,0,0,0,0,0,0,0,0,0,0,0,0,0,0,0,0,0,0,0,0,0,0
384ef419-ee94-4563-9237-236fddeb4b64,ICGC,Esophagus,2644.26117161096,0,307.090340994988,0,0,0,0,0,547.847464112177,0,0,0,0,0,0,0,0,0,711.032435223432,0,1589.95446864439,0,0,0,0,0,0,1006.83791776192,0,0,0,0,0,0,0,0,0,0,0,0,0,0,0,1098.27778820879,0,0,0,0,0,0,1519.50079797221,0,0,0,0,0,0,0,0,0,0,0,0,0,0,0,0,0,0,0,0,0,0,0,0,0,0,0,0,0,0,0,0,0,0,0,0,0,0,0,0,0,0,0,0,0,0,0,0,0,0,0,0,0,0,0,0,0,0,0,0,0,0,0,0,0,0,0,0,0
28e81540-4744-4865-b627-c7c9d8a3c2b8,ICGC,Esophagus,1585.33627961564,0,576.266358075421,0,0,0,0,0,1028.05598476942,0,0,0,0,0,0,0,0,0,4637.09612704467,0,0,0,0,0,0,0,0,3325.55886451992,0,0,0,0,0,0,0,0,0,0,0,0,0,0,0,0,0,0,0,0,0,0,1160.64802317905,0,0,0,0,0,0,0,0,0,0,0,0,0,0,0,0,0,0,0,0,0,0,0,0,0,0,0,0,0,0,0,0,0,0,0,0,0,0,0,0,0,0,0,0,0,0,0,0,0,0,0,0,0,0,0,0,0,0,0,0,0,0,0,0,0,0,0,0,0
77c022d3-2f29-49d3-a1df-cc2e9407fd7f,ICGC,Esophagus,908.554765205859,601.745345235091,912.592747183076,0,0,0,0,0,1628.06039646676,0,0,0,0,0,626.328679720996,0,0,0,0,0,1037.56254144312,0,0,0,0,0,0,0,0,0,0,0,0,0,0,0,0,0,0,0,0,0,0,820.04943034541,0,0,0,0,0,0,1203.07251793357,0,0,0,0,0,0,0,0,0,0,0,0,0,0,0,0,0,0,0,0,0,0,0,0,0,0,0,0,0,0,0,0,0,0,0,0,0,0,0,0,0,0,0,0,0,0,0,0,0,0,0,0,0,0,0,0,0,0,0,0,0,0,0,0,0,0,0,0,0
3e6a17f9-c249-41b6-ba49-55aaa39d21c5,ICGC,Esophagus,0,0,0,0,0,0,0,0,0,0,0,0,0,0,0,0,0,0,21096.1670990207,0,0,0,0,0,0,0,0,13331.7062329103,0,0,0,0,0,0,0,0,0,0,0,0,0,0,0,0,0,0,0,0,0,0,4715.74315828835,0,0,0,0,0,0,0,0,0,0,0,0,0,0,0,0,0,0,0,0,0,0,0,0,0,0,0,0,0,0,0,0,0,0,0,0,0,0,0,0,0,0,0,0,0,0,0,0,0,0,0,0,0,0,0,0,0,0,0,0,0,0,0,0,0,0,0,0,0
0efb6e20-236d-4640-9373-6fc03e67d090,ICGC,Esophagus,0,0,0,0,0,0,0,0,0,0,0,0,0,0,0,0,0,0,0,0,0,0,0,0,0,0,0,0,0,0,0,0,0,0,0,0,0,0,0,0,0,0,0,0,0,0,0,0,0,0,0,0,0,0,0,0,0,0,0,0,0,0,0,0,0,0,0,0,0,0,0,0,0,0,0,0,0,0,0,0,0,0,0,0,0,0,0,0,0,0,0,0,0,0,0,0,0,0,0,0,0,0,0,0,0,0,0,0,0,0,0,0,0,0,0,0,0,0,0,0
0ef92ff8-829f-425a-91d8-c594b6e22a2b,ICGC,Esophagus,1912.52064901179,0,0,0,0,0,0,0,0,0,0,0,0,0,0,0,0,0,4595.8632996431,0,3816.52115886393,0,0,0,0,0,0,1400.81111477671,0,0,0,0,0,0,0,0,0,0,0,0,0,0,0,0,0,0,0,0,0,0,3152.45148906817,0,0,0,0,0,0,0,0,0,0,0,0,0,0,0,0,0,0,0,0,0,0,0,0,0,0,0,0,0,0,0,0,0,0,0,0,0,0,0,0,0,0,0,0,0,0,0,0,0,0,0,0,0,0,0,0,0,0,0,0,0,0,0,0,0,0,0,0,0
69c3c88c-d51e-4e03-b96b-ec4f1a0faa2d,ICGC,Esophagus,7445.87555124361,0,0,0,0,0,0,0,0,0,0,0,0,0,0,0,0,0,2951.23428588228,0,1523.39521961545,0,0,0,0,0,0,0,0,0,0,0,0,0,0,0,0,0,0,0,0,0,0,1188.19824190039,0,0,0,0,0,0,1590.93490915505,0,0,0,0,0,0,0,0,0,0,0,0,0,0,0,0,0,0,0,0,0,0,0,0,0,0,0,0,0,0,0,0,0,0,0,0,0,0,0,0,0,0,0,0,0,0,0,0,0,0,0,0,0,0,0,0,0,0,0,0,0,0,0,0,0,0,0,0,0
8e48aa43-6cd1-4aef-83ce-2451b1b86e8e,ICGC,Esophagus,2544.50790503787,0,629.066328469453,0,0,0,0,0,1122.25083893463,0,0,0,0,0,0,0,0,0,12541.1102638402,0,1972.73083896769,0,0,0,0,0,0,7998.38145832274,0,0,0,0,0,0,0,0,0,0,0,0,0,0,0,0,0,0,0,0,0,0,0,0,0,0,0,0,0,0,0,0,0,0,0,0,0,0,0,0,0,0,0,0,0,0,0,0,0,0,0,0,0,0,0,0,0,0,0,0,0,0,0,0,0,0,0,0,0,0,0,0,0,0,0,0,0,0,0,0,0,0,0,0,0,0,0,0,0,0,0,0
7d2da7ba-f57c-4083-9572-6fa98008083b,ICGC,Esophagus,4575.0035309422,0,552.391254154258,0,0,0,0,0,985.4629318709,0,0,0,0,0,0,0,0,0,5779.84793718639,0,1949.48431982903,0,0,0,0,0,0,0,0,0,0,0,0,0,0,0,0,0,0,0,0,0,0,2490.31223285635,0,0,0,0,0,0,3831.36515052964,0,0,0,0,0,0,0,0,0,0,0,0,0,0,0,0,0,0,0,0,0,0,0,0,0,0,0,0,0,0,0,0,0,0,0,0,0,0,0,0,0,0,0,0,0,0,0,0,0,0,0,0,0,0,0,0,0,0,0,0,0,0,0,0,0,0,0,0,0
a1e3dc5b-b81f-4890-870c-ed3b8ac36dec,ICGC,Esophagus,2129.76283185841,330.5930941602,548.203844281311,0,0,0,0,0,977.992615895935,0,0,0,0,0,344.098941237913,0,0,0,0,0,763.348672566372,0,0,0,0,0,0,0,0,0,0,0,0,0,0,0,0,0,0,0,0,0,0,0,0,0,0,0,0,0,1088.92389380531,0,0,0,0,0,0,0,0,0,0,0,0,0,0,0,0,0,0,0,0,0,0,0,0,0,0,0,0,0,0,0,0,0,0,0,0,0,0,0,0,0,0,0,0,0,0,0,0,0,0,0,0,0,0,0,0,0,0,0,0,0,0,0,0,0,0,0,0,0
c971ffa7-ce37-4138-b028-598a30478e25,ICGC,Esophagus,1122.76659477594,0,267.418712607786,0,0,0,0,0,477.073499230345,0,0,0,0,0,0,0,0,0,0,0,3044.27989456027,0,0,0,0,0,0,0,0,0,0,0,0,0,0,0,0,0,0,0,0,0,0,449.106637910376,0,0,0,0,0,0,762.5770428948,0,0,0,0,0,0,0,0,0,0,0,0,0,0,0,0,0,0,0,0,0,0,0,0,0,0,0,0,0,0,0,0,0,0,0,0,0,0,0,0,0,0,0,0,0,0,0,0,0,0,0,0,0,0,0,0,0,0,0,0,0,0,0,0,0,0,0,0,0
3da169e8-844a-4eee-b794-a2eb81db779a,ICGC,Esophagus,2393.64772165458,869.070532346552,1160.67028244156,0,0,0,0,0,2070.62934264139,0,0,0,0,0,904.575005721701,0,0,0,8205.79379531971,0,3056.58081328279,0,0,0,0,0,0,2086.64180949242,0,0,0,0,0,0,0,0,0,0,0,0,0,0,0,0,0,0,0,0,0,0,2423.10032135794,0,0,0,0,0,0,0,0,0,0,0,0,0,0,0,0,0,0,0,0,0,0,0,0,0,0,0,0,0,0,0,0,0,0,0,0,0,0,0,0,0,0,0,0,0,0,0,0,0,0,0,0,0,0,0,0,0,0,0,0,0,0,0,0,0,0,0,0,0
3b590d75-ccfb-4da8-a2e9-10fb07e02cea,ICGC,Esophagus,2231.88163074177,0,1153.8916562127,0,0,0,0,0,2058.53631106764,0,0,0,0,0,0,0,0,0,10742.4632336801,0,9176.29197945476,0,0,0,0,0,0,2863.55568725581,0,0,0,0,0,0,0,0,0,0,0,0,0,0,0,0,0,0,0,0,0,0,2768.954739014,0,0,0,0,0,0,0,0,0,0,0,0,0,0,0,0,0,0,0,0,0,0,0,0,0,0,0,0,0,0,0,0,0,0,0,0,0,0,0,0,0,0,0,0,0,0,0,0,0,0,0,0,0,0,0,0,0,0,0,0,0,0,0,0,0,0,0,0,0
7866dfb2-46b3-42b4-905b-12f80593d6bd,ICGC,Esophagus,2598.41443663268,0,567.102010111451,0,0,0,0,0,1011.70683885999,0,0,0,0,0,0,0,0,0,0,0,5500.7545919682,0,0,0,0,0,0,0,0,0,0,0,0,0,0,0,0,0,0,0,0,0,0,1079.78889829573,0,0,0,0,0,0,1150.50428829094,0,0,0,0,0,0,0,0,0,0,0,0,0,0,0,0,0,0,0,0,0,0,0,0,0,0,0,0,0,0,0,0,0,0,0,0,0,0,0,0,0,0,0,0,0,0,0,0,0,0,0,0,0,0,0,0,0,0,0,0,0,0,0,0,0,0,0,0,0
ad4aa4dc-bea4-4f4a-8b1b-8f361112f84f,ICGC,Esophagus,4740.6499209382,0,845.559589963456,0,0,0,0,0,1508.47361599293,0,0,0,0,0,0,0,0,0,0,0,4229.84075635789,0,0,0,0,0,0,0,0,0,0,0,0,0,0,0,0,0,0,0,0,0,0,1095.80847278956,0,0,0,0,0,0,1587.06753195414,0,0,0,0,0,0,0,0,0,0,0,0,0,0,0,0,0,0,0,0,0,0,0,0,0,0,0,0,0,0,0,0,0,0,0,0,0,0,0,0,0,0,0,0,0,0,0,0,0,0,0,0,0,0,0,0,0,0,0,0,0,0,0,0,0,0,0,0,0
b8f3137e-5e92-4a56-90d4-884a4ed2ef9c,ICGC,Esophagus,3538.3503010963,1184.09725518788,0,0,0,0,0,0,0,0,0,0,0,0,1232.47163667438,0,0,0,1423.16300375727,0,728.129908899068,0,0,0,0,0,0,0,0,0,0,0,0,0,0,0,0,0,0,0,0,0,0,0,0,0,0,0,0,0,0,0,0,0,0,0,0,0,0,0,0,0,0,0,0,0,0,0,0,0,0,0,0,0,0,0,0,0,0,0,0,0,0,0,0,0,0,0,0,0,0,0,0,0,0,0,0,0,0,0,0,0,0,0,0,0,0,0,0,0,0,0,0,0,0,0,0,0,0,0
da910f22-126e-41dc-be6b-47c8f69ad106,ICGC,Esophagus,8507.09020907788,3855.11952851118,0,0,0,0,0,0,0,0,0,0,0,0,4012.61421227232,0,0,0,25774.213842993,0,0,0,0,0,0,0,0,7642.2843528254,0,0,0,0,0,0,0,0,0,0,0,0,0,0,0,0,0,0,0,0,0,0,0,0,0,0,0,0,0,0,0,0,0,0,0,0,0,0,0,0,0,0,0,0,0,0,0,0,0,0,0,0,0,0,0,0,0,0,0,0,0,0,0,0,0,0,0,0,0,0,0,0,0,0,0,0,0,0,0,0,0,0,0,0,0,0,0,0,0,0,0,0
7a4f6014-f7a2-459b-bc43-df164e73cbba,ICGC,Esophagus,5441.47169340383,0,587.567966874022,0,0,0,0,0,1048.21799214692,0,0,0,0,0,0,0,0,0,4428.65212951828,0,5271.75328447278,0,0,0,0,0,0,0,0,0,0,0,0,0,0,0,0,0,0,0,0,0,0,0,0,0,0,0,0,0,2433.46248099657,0,0,0,0,0,0,0,0,0,0,0,0,0,0,0,0,0,0,0,0,0,0,0,0,0,0,0,0,0,0,0,0,0,0,0,0,0,0,0,0,0,0,0,0,0,0,0,0,0,0,0,0,0,0,0,0,0,0,0,0,0,0,0,0,0,0,0,0,0
a284fe9d-9afd-4472-8d70-243ca9be5c2c,ICGC,Esophagus,2369.68160182868,3246.63965912523,0,0,0,0,0,0,0,0,0,0,0,0,3379.27588029001,0,0,0,7449.28371985359,0,5239.979051229,0,0,0,0,0,0,2373.17891812908,0,0,0,0,0,0,0,0,0,0,0,0,0,0,0,0,0,0,0,0,0,0,9176.45835563722,0,0,0,0,0,0,0,0,0,0,0,0,0,0,0,0,0,0,0,0,0,0,0,0,0,0,0,0,0,0,0,0,0,0,0,0,0,0,0,0,0,0,0,0,0,0,0,0,0,0,0,0,0,0,0,0,0,0,0,0,0,0,0,0,0,0,0,0,0
eb1531b0-8af1-4b2b-9192-644cb47101fc,ICGC,Esophagus,2121.24806371598,0,1155.12444613589,0,0,0,0,0,2060.73560144915,0,0,0,0,0,0,0,0,0,7050.5007508901,0,4508.40186963198,0,0,0,0,0,0,4752.81523041358,0,0,0,0,0,0,0,0,0,0,0,0,0,0,0,0,0,0,0,0,0,0,6185.30744309266,0,0,0,0,0,0,0,0,0,0,0,0,0,0,0,0,0,0,0,0,0,0,0,0,0,0,0,0,0,0,0,0,0,0,0,0,0,0,0,0,0,0,0,0,0,0,0,0,0,0,0,0,0,0,0,0,0,0,0,0,0,0,0,0,0,0,0,0,0
f37de4fa-52f6-4fe4-a3fa-41803032c93f,ICGC,Esophagus,3910.23287939924,0,1348.15774273565,0,0,0,0,0,2405.1059313291,0,0,0,0,0,0,0,0,0,10843.872618247,0,3141.38371441381,0,0,0,0,0,0,6917.14297522977,0,0,0,0,0,0,0,0,0,0,0,0,0,0,0,3036.90421149966,0,0,0,0,0,0,3236.86498262721,0,0,0,0,0,0,0,0,0,0,0,0,0,0,0,0,0,0,0,0,0,0,0,0,0,0,0,0,0,0,0,0,0,0,0,0,0,0,0,0,0,0,0,0,0,0,0,0,0,0,0,0,0,0,0,0,0,0,0,0,0,0,0,0,0,0,0,0,0
23fa90d5-b273-4e2c-9c88-68aa57b60e97,ICGC,Esophagus,2456.02169869808,0,760.350485249812,0,0,0,0,0,1356.46104605866,0,0,0,0,0,0,0,0,0,0,0,964.09733415995,0,0,0,0,0,0,0,0,0,0,0,0,0,0,0,0,0,0,0,0,0,0,0,0,0,0,0,0,0,1069.16243025418,0,0,0,0,0,0,0,0,0,0,0,0,0,0,0,0,0,0,0,0,0,0,0,0,0,0,0,0,0,0,0,0,0,0,0,0,0,0,0,0,0,0,0,0,0,0,0,0,0,0,0,0,0,0,0,0,0,0,0,0,0,0,0,0,0,0,0,0,0
3a551616-4840-4111-a8c5-b4aa773d82c2,ICGC,Esophagus,0,0,1262.02851863779,0,0,0,0,0,2251.45187351966,0,0,0,0,0,0,0,0,0,974.658994032396,0,2449.66965046888,0,0,0,0,0,0,0,0,0,0,0,0,0,0,0,0,0,0,0,0,0,0,1506.56436487639,0,0,0,0,0,0,1499.55242966752,0,0,0,0,0,0,0,0,0,0,0,0,0,0,0,0,0,0,0,0,0,0,0,0,0,0,0,0,0,0,0,0,0,0,0,0,0,0,0,0,0,0,0,0,0,0,0,0,0,0,0,0,0,0,0,0,0,0,0,0,0,0,0,0,0,0,0,0,0
b9bcba3a-c9be-4305-b5f4-c861282921e0,ICGC,Esophagus,2071.55350890547,1355.67596402523,2821.45357595815,0,0,0,0,0,5033.45752162271,0,0,0,0,0,1411.05991662584,0,0,0,0,0,0,0,0,0,0,0,0,1698.22408281321,0,0,0,0,0,0,0,0,0,0,0,0,0,0,0,5080.67864210687,0,0,0,0,0,0,0,0,0,0,0,0,0,0,0,0,0,0,0,0,0,0,0,0,0,0,0,0,0,0,0,0,0,0,0,0,0,0,0,0,0,0,0,0,0,0,0,0,0,0,0,0,0,0,0,0,0,0,0,0,0,0,0,0,0,0,0,0,0,0,0,0,0,0,0,0
3a18aa52-b6e2-4d03-ad05-ef99d653f0e0,ICGC,Esophagus,807.936336336336,0,261.76293075481,0,0,0,0,0,466.983615791858,0,0,0,0,0,0,0,0,0,0,0,453.587087087087,0,0,0,0,0,0,280.672672672673,0,0,0,0,0,0,0,0,0,0,0,0,0,0,0,471.129129129129,0,0,0,0,0,0,353.848048048048,0,0,0,0,0,0,0,0,0,0,0,0,0,0,0,0,0,0,0,0,0,0,0,0,0,0,0,0,0,0,0,0,0,0,0,0,0,0,0,0,0,0,0,0,0,0,0,0,0,0,0,0,0,0,0,0,0,0,0,0,0,0,0,0,0,0,0,0,0
9ba6be6d-2032-444b-ab3c-dbee8023759d,ICGC,Esophagus,2017.32877933937,0,472.139491204298,0,0,0,0,0,842.294232131872,0,0,0,0,0,0,0,0,0,2674.79524862667,0,2367.77787686381,0,0,0,0,0,0,1553.05860740529,0,0,0,0,0,0,0,0,0,0,0,0,0,0,0,0,0,0,0,0,0,0,1694.33651994007,0,0,0,0,0,0,0,0,0,0,0,0,0,0,0,0,0,0,0,0,0,0,0,0,0,0,0,0,0,0,0,0,0,0,0,0,0,0,0,0,0,0,0,0,0,0,0,0,0,0,0,0,0,0,0,0,0,0,0,0,0,0,0,0,0,0,0,0,0
7f94d650-41b9-4664-bcde-dc8533e4602d,ICGC,Esophagus,4742.38080920322,0,0,0,0,0,0,0,0,0,0,0,0,0,0,0,0,0,26021.6413491077,0,4969.70732291871,0,0,0,0,0,0,4597.49138287906,0,0,0,0,0,0,0,0,0,0,0,0,0,0,0,0,0,0,0,0,0,0,0,0,0,0,0,0,0,0,0,0,0,0,0,0,0,0,0,0,0,0,0,0,0,0,0,0,0,0,0,0,0,0,0,0,0,0,0,0,0,0,0,0,0,0,0,0,0,0,0,0,0,0,0,0,0,0,0,0,0,0,0,0,0,0,0,0,0,0,0,0
de581588-be15-4bf4-95d1-aa5478b53ab6,ICGC,Esophagus,6475.54958841396,364.922474987462,448.37105708966,0,0,0,0,0,799.89147757622,0,0,0,0,0,379.830793489762,0,0,0,0,0,0,0,0,0,0,0,0,0,0,0,0,0,0,0,0,0,0,0,0,0,0,0,0,1562.07994013294,0,0,0,0,0,0,0,0,0,0,0,0,0,0,0,0,0,0,0,0,0,0,0,0,0,0,0,0,0,0,0,0,0,0,0,0,0,0,0,0,0,0,0,0,0,0,0,0,0,0,0,0,0,0,0,0,0,0,0,0,0,0,0,0,0,0,0,0,0,0,0,0,0,0,0,0
cb381d49-4546-400c-af02-f877083caa0a,ICGC,Esophagus,6655.56302588671,0,0,0,0,0,0,0,0,0,0,0,0,0,0,0,0,0,5436.74181730344,0,5890.30315230082,0,0,0,0,0,0,2069.49847014775,0,0,0,0,0,0,0,0,0,0,0,0,0,0,0,1507.0424533999,0,0,0,0,0,0,1609.9429324852,0,0,0,0,0,0,0,0,0,0,0,0,0,0,0,0,0,0,0,0,0,0,0,0,0,0,0,0,0,0,0,0,0,0,0,0,0,0,0,0,0,0,0,0,0,0,0,0,0,0,0,0,0,0,0,0,0,0,0,0,0,0,0,0,0,0,0,0,0
33992441-4f34-42f2-ba87-6ddd227f2250,ICGC,Esophagus,1314.84393063584,564.096827950605,1061.926527535,0,0,0,0,0,1894.47103187461,0,0,0,0,0,587.142093051126,0,0,0,0,0,1075.19010918433,0,0,0,0,0,0,868.557482337829,0,0,0,0,0,0,0,0,0,0,0,0,0,0,0,653.419396274888,0,0,0,0,0,0,0,0,0,0,0,0,0,0,0,0,0,0,0,0,0,0,0,0,0,0,0,0,0,0,0,0,0,0,0,0,0,0,0,0,0,0,0,0,0,0,0,0,0,0,0,0,0,0,0,0,0,0,0,0,0,0,0,0,0,0,0,0,0,0,0,0,0,0,0,0
926a04de-ef57-4271-91db-e90de8aa8a1a,ICGC,Esophagus,0,2070.0532753922,1679.86954483567,0,0,0,0,0,2996.87794541385,0,0,0,0,0,2154.62195959652,0,0,0,16723.172885095,0,1862.29765330264,0,0,0,0,0,0,0,0,0,0,0,0,0,0,0,0,0,0,0,0,0,0,0,0,0,0,0,0,0,0,0,0,0,0,0,0,0,0,0,0,0,0,0,0,0,0,0,0,0,0,0,0,0,0,0,0,0,0,0,0,0,0,0,0,0,0,0,0,0,0,0,0,0,0,0,0,0,0,0,0,0,0,0,0,0,0,0,0,0,0,0,0,0,0,0,0,0,0,0
25c99312-bf63-4654-a73a-03c3c1cd50b6,ICGC,Esophagus,1029.55637091394,0,0,0,0,0,0,0,0,0,0,0,0,0,0,0,0,0,1964.42361574383,0,0,0,0,0,0,0,0,755.008005336891,0,0,0,0,0,0,0,0,0,0,0,0,0,0,0,732.963975983989,0,0,0,0,0,0,706.410940627085,0,0,0,0,0,0,0,0,0,0,0,0,0,0,0,0,0,0,0,0,0,0,0,0,0,0,0,0,0,0,0,0,0,0,0,0,0,0,0,0,0,0,0,0,0,0,0,0,0,0,0,0,0,0,0,0,0,0,0,0,0,0,0,0,0,0,0,0,0
c9f91ded-3b04-4cd1-8ea6-bbc635a8a4f0,ICGC,Esophagus,0,0,0,0,0,0,0,0,0,0,0,0,0,0,0,0,0,0,68199.2732693024,0,15110.0605448637,0,0,0,0,0,0,9903.53968273049,0,0,0,0,0,0,0,0,0,0,0,0,0,0,0,21862.5876017262,0,0,0,0,0,0,0,0,0,0,0,0,0,0,0,0,0,0,0,0,0,0,0,0,0,0,0,0,0,0,0,0,0,0,0,0,0,0,0,0,0,0,0,0,0,0,0,0,0,0,0,0,0,0,0,0,0,0,0,0,0,0,0,0,0,0,0,0,0,0,0,0,0,0,0,0
569393c8-e2fe-4580-a45b-81f1b1e01135,ICGC,Esophagus,0,0,1900.47993990018,0,0,0,0,0,3390.44566591356,0,0,0,0,0,0,0,0,0,11138.6590973358,0,5400.48618709812,0,0,0,0,0,0,11524.872653282,0,0,0,0,0,0,0,0,0,0,0,0,0,0,0,0,0,0,0,0,0,0,2774.53417263976,0,0,0,0,0,0,0,0,0,0,0,0,0,0,0,0,0,0,0,0,0,0,0,0,0,0,0,0,0,0,0,0,0,0,0,0,0,0,0,0,0,0,0,0,0,0,0,0,0,0,0,0,0,0,0,0,0,0,0,0,0,0,0,0,0,0,0,0,0
e91ab7da-79a6-4ea0-bc24-7aacb39f7614,ICGC,Esophagus,3830.89714867617,0,1266.19722548317,0,0,0,0,0,2258.88882339726,0,0,0,0,0,0,0,0,0,13450.683299389,0,4983.56975560081,0,0,0,0,0,0,4208.28105906314,0,0,0,0,0,0,0,0,0,0,0,0,0,0,0,2095.13136456212,0,0,0,0,0,0,2524.56822810591,0,0,0,0,0,0,0,0,0,0,0,0,0,0,0,0,0,0,0,0,0,0,0,0,0,0,0,0,0,0,0,0,0,0,0,0,0,0,0,0,0,0,0,0,0,0,0,0,0,0,0,0,0,0,0,0,0,0,0,0,0,0,0,0,0,0,0,0,0
f2e639cc-c30c-459f-8afc-7ace7d0209c5,ICGC,Esophagus,2648.26055255414,0,689.099301725827,0,0,0,0,0,1229.34933006613,0,0,0,0,0,0,0,0,0,0,0,3320.46892432029,0,0,0,0,0,0,0,0,0,0,0,0,0,0,0,0,0,0,0,0,0,0,728.309219484341,0,0,0,0,0,0,845.019018755216,0,0,0,0,0,0,0,0,0,0,0,0,0,0,0,0,0,0,0,0,0,0,0,0,0,0,0,0,0,0,0,0,0,0,0,0,0,0,0,0,0,0,0,0,0,0,0,0,0,0,0,0,0,0,0,0,0,0,0,0,0,0,0,0,0,0,0,0,0
9c00828e-e9ae-4b9c-959e-34837ee2b230,ICGC,Esophagus,3971.47426699515,0,841.540647331767,0,0,0,0,0,1501.30384464145,0,0,0,0,0,0,0,0,0,6309.81425129274,0,1917.91926794271,0,0,0,0,0,0,0,0,0,0,0,0,0,0,0,0,0,0,0,0,0,0,1987.98938733519,0,0,0,0,0,0,1542.04312748734,0,0,0,0,0,0,0,0,0,0,0,0,0,0,0,0,0,0,0,0,0,0,0,0,0,0,0,0,0,0,0,0,0,0,0,0,0,0,0,0,0,0,0,0,0,0,0,0,0,0,0,0,0,0,0,0,0,0,0,0,0,0,0,0,0,0,0,0,0
134c9a92-e91e-4347-a9c4-727279edebb1,ICGC,Esophagus,0,0,0,0,0,0,0,0,0,0,0,0,0,0,0,0,0,0,49674.8991989941,0,0,0,0,0,0,0,0,4431.57295984104,0,0,0,0,0,0,0,0,0,0,0,0,0,0,0,5076.79239044381,0,0,0,0,0,0,0,0,0,0,0,0,0,0,0,0,0,0,0,0,0,0,0,0,0,0,0,0,0,0,0,0,0,0,0,0,0,0,0,0,0,0,0,0,0,0,0,0,0,0,0,0,0,0,0,0,0,0,0,0,0,0,0,0,0,0,0,0,0,0,0,0,0,0,0,0
48a0da38-8147-40fe-b683-3f070413a792,ICGC,Esophagus,3644.89267132063,0,1111.96466408216,0,0,0,0,0,1983.73878978402,0,0,0,0,0,0,0,0,0,3245.02679948754,0,5177.71184668079,0,0,0,0,0,0,0,0,0,0,0,0,0,0,0,0,0,0,0,0,0,0,1489.22477579941,0,0,0,0,0,0,0,0,0,0,0,0,0,0,0,0,0,0,0,0,0,0,0,0,0,0,0,0,0,0,0,0,0,0,0,0,0,0,0,0,0,0,0,0,0,0,0,0,0,0,0,0,0,0,0,0,0,0,0,0,0,0,0,0,0,0,0,0,0,0,0,0,0,0,0,0
e93b0979-65ef-4883-9b6e-39eb17966e66,ICGC,Esophagus,2883.88213120029,429.158413024406,912.993607049051,0,0,0,0,0,1628.77552824306,0,0,0,0,0,446.69098705819,0,0,0,0,0,1382.99931043994,0,0,0,0,0,0,0,0,0,0,0,0,0,0,0,0,0,0,0,0,0,0,793.080126879051,0,0,0,0,0,0,1733.13841768951,0,0,0,0,0,0,0,0,0,0,0,0,0,0,0,0,0,0,0,0,0,0,0,0,0,0,0,0,0,0,0,0,0,0,0,0,0,0,0,0,0,0,0,0,0,0,0,0,0,0,0,0,0,0,0,0,0,0,0,0,0,0,0,0,0,0,0,0,0
d707940e-0f9d-4da3-9380-90a422e44efd,ICGC,Esophagus,2722.07364789489,0,0,0,0,0,0,0,0,0,0,0,0,0,0,0,0,0,12605.2871958022,0,3389.95975705491,0,0,0,0,0,0,3764.17609387266,0,0,0,0,0,0,0,0,0,0,0,0,0,0,0,0,0,0,0,0,0,0,0,0,0,0,0,0,0,0,0,0,0,0,0,0,0,0,0,0,0,0,0,0,0,0,0,0,0,0,0,0,0,0,0,0,0,0,0,0,0,0,0,0,0,0,0,0,0,0,0,0,0,0,0,0,0,0,0,0,0,0,0,0,0,0,0,0,0,0,0,0
36680797-36de-413d-b2a1-8804ac1705e9,ICGC,Esophagus,1926.00775594623,0,566.958291935203,0,0,0,0,0,1011.45044643114,0,0,0,0,0,0,0,0,0,3015.68329886246,0,2209.77223371251,0,0,0,0,0,0,2576.82083764219,0,0,0,0,0,0,0,0,0,0,0,0,0,0,0,0,0,0,0,0,0,0,1347.50723888314,0,0,0,0,0,0,0,0,0,0,0,0,0,0,0,0,0,0,0,0,0,0,0,0,0,0,0,0,0,0,0,0,0,0,0,0,0,0,0,0,0,0,0,0,0,0,0,0,0,0,0,0,0,0,0,0,0,0,0,0,0,0,0,0,0,0,0,0,0
371235d9-55b8-40a7-8cd6-baa7c2ad0493,ICGC,Esophagus,3655.39002628303,0,0,0,0,0,0,0,0,0,0,0,0,0,0,0,0,0,17016.9710022133,0,2131.31046825287,0,0,0,0,0,0,0,0,0,0,0,0,0,0,0,0,0,0,0,0,0,0,0,0,0,0,0,0,0,2452.93277078434,0,0,0,0,0,0,0,0,0,0,0,0,0,0,0,0,0,0,0,0,0,0,0,0,0,0,0,0,0,0,0,0,0,0,0,0,0,0,0,0,0,0,0,0,0,0,0,0,0,0,0,0,0,0,0,0,0,0,0,0,0,0,0,0,0,0,0,0,0
d1842491-29ff-4801-8c8a-4d619f749dd1,ICGC,Esophagus,3730.88714670526,0,0,0,0,0,0,0,0,0,0,0,0,0,0,0,0,0,13942.7380291883,0,1628.00526675512,0,0,0,0,0,0,3584.61713504603,0,0,0,0,0,0,0,0,0,0,0,0,0,0,0,0,0,0,0,0,0,0,0,0,0,0,0,0,0,0,0,0,0,0,0,0,0,0,0,0,0,0,0,0,0,0,0,0,0,0,0,0,0,0,0,0,0,0,0,0,0,0,0,0,0,0,0,0,0,0,0,0,0,0,0,0,0,0,0,0,0,0,0,0,0,0,0,0,0,0,0,0
2e69c886-535b-4ff0-9236-abf6799acdbd,ICGC,Esophagus,1612.72248913818,0,1835.26696618532,0,0,0,0,0,3274.10608271097,0,0,0,0,0,0,0,0,0,5897.97082825682,0,0,0,0,0,0,0,0,2630.49398864394,0,0,0,0,0,0,0,0,0,0,0,0,0,0,0,4302.76161467552,0,0,0,0,0,0,0,0,0,0,0,0,0,0,0,0,0,0,0,0,0,0,0,0,0,0,0,0,0,0,0,0,0,0,0,0,0,0,0,0,0,0,0,0,0,0,0,0,0,0,0,0,0,0,0,0,0,0,0,0,0,0,0,0,0,0,0,0,0,0,0,0,0,0,0,0
9ae33a63-6b1a-43bf-9205-463c867bcbc4,ICGC,Esophagus,3658.3820624736,0,752.18690037632,0,0,0,0,0,1341.89725594883,0,0,0,0,0,0,0,0,0,11715.9447472696,0,0,0,0,0,0,0,0,3352.13854415995,0,0,0,0,0,0,0,0,0,0,0,0,0,0,0,0,0,0,0,0,0,0,2755.18923104773,0,0,0,0,0,0,0,0,0,0,0,0,0,0,0,0,0,0,0,0,0,0,0,0,0,0,0,0,0,0,0,0,0,0,0,0,0,0,0,0,0,0,0,0,0,0,0,0,0,0,0,0,0,0,0,0,0,0,0,0,0,0,0,0,0,0,0,0,0
f0a33adc-ea90-46ef-a24a-a8d7e4e15db3,ICGC,Esophagus,3431.49098901099,0,1012.48780834933,0,0,0,0,0,1806.27263121158,0,0,0,0,0,0,0,0,0,17994.5868131868,0,6953.94197802198,0,0,0,0,0,0,4393.06813186813,0,0,0,0,0,0,0,0,0,0,0,0,0,0,0,0,0,0,0,0,0,0,3445.48483516484,0,0,0,0,0,0,0,0,0,0,0,0,0,0,0,0,0,0,0,0,0,0,0,0,0,0,0,0,0,0,0,0,0,0,0,0,0,0,0,0,0,0,0,0,0,0,0,0,0,0,0,0,0,0,0,0,0,0,0,0,0,0,0,0,0,0,0,0,0
27b56bf2-7a9d-4061-98d4-61fe2761578c,ICGC,Esophagus,5099.33172682527,0,0,0,0,0,0,0,0,0,0,0,0,0,0,0,0,0,19769.3550382827,0,2863.65179792179,0,0,0,0,0,0,10799.1146431501,0,0,0,0,0,0,0,0,0,0,0,0,0,0,0,0,0,0,0,0,0,0,0,0,0,0,0,0,0,0,0,0,0,0,0,0,0,0,0,0,0,0,0,0,0,0,0,0,0,0,0,0,0,0,0,0,0,0,0,0,0,0,0,0,0,0,0,0,0,0,0,0,0,0,0,0,0,0,0,0,0,0,0,0,0,0,0,0,0,0,0,0
708e21ac-f529-4461-bc4f-d3a194a92b80,ICGC,Esophagus,1037.22141560799,1198.77413856732,1550.62145773795,0,0,0,0,0,2766.30007530431,0,0,0,0,0,1247.7481204266,0,0,0,0,0,0,0,0,0,0,0,0,0,0,0,0,0,0,0,0,0,0,0,0,0,0,0,0,818.674762463969,0,0,0,0,0,0,0,0,0,0,0,0,0,0,0,0,0,0,0,0,0,0,0,0,0,0,0,0,0,0,0,0,0,0,0,0,0,0,0,0,0,0,0,0,0,0,0,0,0,0,0,0,0,0,0,0,0,0,0,0,0,0,0,0,0,0,0,0,0,0,0,0,0,0,0,0
532bec86-b8d3-41a1-ba17-913a7d378f66,ICGC,Esophagus,3123.74672219651,0,1573.54566656935,0,0,0,0,0,2807.19673663977,0,0,0,0,0,0,0,0,0,9533.67499614377,0,6082.0598179855,0,0,0,0,0,0,3879.94332870585,0,0,0,0,0,0,0,0,0,0,0,0,0,0,0,2301.57658491439,0,0,0,0,0,0,0,0,0,0,0,0,0,0,0,0,0,0,0,0,0,0,0,0,0,0,0,0,0,0,0,0,0,0,0,0,0,0,0,0,0,0,0,0,0,0,0,0,0,0,0,0,0,0,0,0,0,0,0,0,0,0,0,0,0,0,0,0,0,0,0,0,0,0,0,0
1f967003-82d6-4932-a445-24fc25723594,ICGC,Esophagus,2625.36047503669,427.006602950006,771.169856475555,0,0,0,0,0,1375.76274428241,0,0,0,0,0,444.451268257569,0,0,0,1007.295430502,0,2202.36631061666,0,0,0,0,0,0,0,0,0,0,0,0,0,0,0,0,0,0,0,0,0,0,2258.29942326724,0,0,0,0,0,0,2240.32092277241,0,0,0,0,0,0,0,0,0,0,0,0,0,0,0,0,0,0,0,0,0,0,0,0,0,0,0,0,0,0,0,0,0,0,0,0,0,0,0,0,0,0,0,0,0,0,0,0,0,0,0,0,0,0,0,0,0,0,0,0,0,0,0,0,0,0,0,0,0
7adcea71-1aed-450c-b0ff-b9d9820c6153,ICGC,Esophagus,4954.11139578924,1704.92717908769,0,0,0,0,0,0,0,0,0,0,0,0,1774.57922616958,0,0,0,5352.08432661246,0,0,0,0,0,0,0,0,0,0,0,0,0,0,0,0,0,0,0,0,0,0,0,0,2564.26890943522,0,0,0,0,0,0,0,0,0,0,0,0,0,0,0,0,0,0,0,0,0,0,0,0,0,0,0,0,0,0,0,0,0,0,0,0,0,0,0,0,0,0,0,0,0,0,0,0,0,0,0,0,0,0,0,0,0,0,0,0,0,0,0,0,0,0,0,0,0,0,0,0,0,0,0,0
42629ae0-9410-4fac-8df1-2c276467deb5,ICGC,Esophagus,3636.55008993093,0,0,0,0,0,0,0,0,0,0,0,0,0,0,0,0,0,34332.3547216398,0,0,0,0,0,0,0,0,4066.29235533892,0,0,0,0,0,0,0,0,0,0,0,0,0,0,0,0,0,0,0,0,0,0,0,0,0,0,0,0,0,0,0,0,0,0,0,0,0,0,0,0,0,0,0,0,0,0,0,0,0,0,0,0,0,0,0,0,0,0,0,0,0,0,0,0,0,0,0,0,0,0,0,0,0,0,0,0,0,0,0,0,0,0,0,0,0,0,0,0,0,0,0,0
9de495d1-55b2-4535-9b0a-a999df35977c,ICGC,Esophagus,2948.32332902113,0,1014.05320651027,0,0,0,0,0,1809.06529284338,0,0,0,0,0,0,0,0,0,5281.64053471323,0,1468.40224234584,0,0,0,0,0,0,1255.05321259163,0,0,0,0,0,0,0,0,0,0,0,0,0,0,0,1244.53600689953,0,0,0,0,0,0,1546.53005605865,0,0,0,0,0,0,0,0,0,0,0,0,0,0,0,0,0,0,0,0,0,0,0,0,0,0,0,0,0,0,0,0,0,0,0,0,0,0,0,0,0,0,0,0,0,0,0,0,0,0,0,0,0,0,0,0,0,0,0,0,0,0,0,0,0,0,0,0,0
5fd632ea-085e-4e9b-8dcc-ec94e492d3bf,ICGC,Esophagus,2614.19090756584,0,955.364358540279,0,0,0,0,0,1704.36471376347,0,0,0,0,0,0,0,0,0,4822.04126824359,0,1665.89615836269,0,0,0,0,0,0,2848.88760275122,0,0,0,0,0,0,0,0,0,0,0,0,0,0,0,0,0,0,0,0,0,0,2657.72739473243,0,0,0,0,0,0,0,0,0,0,0,0,0,0,0,0,0,0,0,0,0,0,0,0,0,0,0,0,0,0,0,0,0,0,0,0,0,0,0,0,0,0,0,0,0,0,0,0,0,0,0,0,0,0,0,0,0,0,0,0,0,0,0,0,0,0,0,0,0
60525b38-c34b-479b-86d3-013c7e567b8f,ICGC,Esophagus,0,0,1834.08748602088,0,0,0,0,0,3272.00189664322,0,0,0,0,0,0,0,0,0,40620.0094994244,0,0,0,0,0,0,0,0,21518.3408091496,0,0,0,0,0,0,0,0,0,0,0,0,0,0,0,0,0,0,0,0,0,0,0,0,0,0,0,0,0,0,0,0,0,0,0,0,0,0,0,0,0,0,0,0,0,0,0,0,0,0,0,0,0,0,0,0,0,0,0,0,0,0,0,0,0,0,0,0,0,0,0,0,0,0,0,0,0,0,0,0,0,0,0,0,0,0,0,0,0,0,0,0
d4cf11be-3bd7-403b-9722-91d8e8761e4d,ICGC,Esophagus,3759.62070184743,0,806.268457286885,0,0,0,0,0,1438.37845334727,0,0,0,0,0,0,0,0,0,4661.68911871298,0,1586.63811544241,0,0,0,0,0,0,3071.54295942721,0,0,0,0,0,0,0,0,0,0,0,0,0,0,0,3643.85525501635,0,0,0,0,0,0,1577.61743127376,0,0,0,0,0,0,0,0,0,0,0,0,0,0,0,0,0,0,0,0,0,0,0,0,0,0,0,0,0,0,0,0,0,0,0,0,0,0,0,0,0,0,0,0,0,0,0,0,0,0,0,0,0,0,0,0,0,0,0,0,0,0,0,0,0,0,0,0,0
a92023de-5c97-4bf2-aa3c-0e768d7c5ece,ICGC,Esophagus,0,0,0,0,0,0,0,0,0,0,0,0,0,0,0,0,0,0,35996.911968544,0,0,0,0,0,0,0,0,55595.3140505219,0,0,0,0,0,0,0,0,0,0,0,0,0,0,0,0,0,0,0,0,0,0,6864.84139062544,0,0,0,0,0,0,0,0,0,0,0,0,0,0,0,0,0,0,0,0,0,0,0,0,0,0,0,0,0,0,0,0,0,0,0,0,0,0,0,0,0,0,0,0,0,0,0,0,0,0,0,0,0,0,0,0,0,0,0,0,0,0,0,0,0,0,0,0,0
ec474dfa-527c-44f3-9224-bf1c858cabfc,ICGC,Esophagus,2134.73586539651,0,0,0,0,0,0,0,0,0,0,0,0,0,0,0,0,0,7017.63169615241,0,2135.23580353829,0,0,0,0,0,0,2997.12915996536,0,0,0,0,0,0,0,0,0,0,0,0,0,0,0,0,0,0,0,0,0,0,4809.40492391439,0,0,0,0,0,0,0,0,0,0,0,0,0,0,0,0,0,0,0,0,0,0,0,0,0,0,0,0,0,0,0,0,0,0,0,0,0,0,0,0,0,0,0,0,0,0,0,0,0,0,0,0,0,0,0,0,0,0,0,0,0,0,0,0,0,0,0,0,0
dfde4013-9062-42f5-a42b-626ef8334a41,ICGC,Esophagus,6175.45611460107,3339.73021199531,1403.07606433881,0,0,0,0,0,2503.07991229544,0,0,0,0,0,3476.16949739117,0,0,0,3629.68032642517,0,3372.70295896202,0,0,0,0,0,0,0,0,0,0,0,0,0,0,0,0,0,0,0,0,0,0,0,0,0,0,0,0,0,7539.33599483356,0,0,0,0,0,0,0,0,0,0,0,0,0,0,0,0,0,0,0,0,0,0,0,0,0,0,0,0,0,0,0,0,0,0,0,0,0,0,0,0,0,0,0,0,0,0,0,0,0,0,0,0,0,0,0,0,0,0,0,0,0,0,0,0,0,0,0,0,0
