Signature,A[C>A]A,A[C>A]C,A[C>A]G,A[C>A]T,C[C>A]A,C[C>A]C,C[C>A]G,C[C>A]T,G[C>A]A,G[C>A]C,G[C>A]G,G[C>A]T,T[C>A]A,T[C>A]C,T[C>A]G,T[C>A]T,A[C>G]A,A[C>G]C,A[C>G]G,A[C>G]T,C[C>G]A,C[C>G]C,C[C>G]G,C[C>G]T,G[C>G]A,G[C>G]C,G[C>G]G,G[C>G]T,T[C>G]A,T[C>G]C,T[C>G]G,T[C>G]T,A[C>T]A,A[C>T]C,A[C>T]G,A[C>T]T,C[C>T]A,C[C>T]C,C[C>T]G,C[C>T]T,G[C>T]A,G[C>T]C,G[C>T]G,G[C>T]T,T[C>T]A,T[C>T]C,T[C>T]G,T[C>T]T,A[T>A]A,A[T>A]C,A[T>A]G,A[T>A]T,C[T>A]A,C[T>A]C,C[T>A]G,C[T>A]T,G[T>A]A,G[T>A]C,G[T>A]G,G[T>A]T,T[T>A]A,T[T>A]C,T[T>A]G,T[T>A]T,A[T>C]A,A[T>C]C,A[T>C]G,A[T>C]T,C[T>C]A,C[T>C]C,C[T>C]G,C[T>C]T,G[T>C]A,G[T>C]C,G[T>C]G,G[T>C]T,T[T>C]A,T[T>C]C,T[T>C]G,T[T>C]T,A[T>G]A,A[T>G]C,A[T>G]G,A[T>G]T,C[T>G]A,C[T>G]C,C[T>G]G,C[T>G]T,G[T>G]A,G[T>G]C,G[T>G]G,G[T>G]T,T[T>G]A,T[T>G]C,T[T>G]G,T[T>G]T
ICGC-Esophagus_common_SBS2+13,0.00896788812811094,0.00347161481752754,0.000197489292359108,0.00298664267334902,0.0099713283052718,0.00427232796729611,0.000717201245243701,0.00899984691367631,0.0155582248144808,0.00138236171147712,0.00169475335765404,0.0101849253025575,0.0271167051749182,0.014358218892977,0.00311191342054,0.0322666637458584,0.00676404389939023,0.00176820181283611,0.00126750299036622,0.00513746934881794,0.00405286242258552,0.00188800683690952,0.00118422421542083,0.00487392857042581,0.00180158806732053,0.0018831481648087,0.000224195546889763,0.00399043453791964,0.117450901784739,0.0268653825356869,0.00756287262499806,0.129562701255477,0.000763619358503747,1.69E-11,0.0186802782396155,0.000273590250114226,0.00352314411640653,2.10E-08,0.0118207173795229,0.00364391965289724,0.00440443767909592,0.00148827081769776,0.0195768227171934,0.0053016321106334,0.185806364953134,0.0422320051427139,0.0313751751911026,0.10096421206174,0.00216174033042681,0.0011951437075018,0.000654344619248758,0.00433153582677708,0.000997222194606997,0.000338777179851917,0.00191130586778275,2.99E-09,0.00211167552592145,0.00168314341986182,0.000710634295808151,1.76E-08,0.00454555018840147,0.00205152655885183,0.00118616792812312,8.67E-07,0.00494622816424033,0.0040532943146414,0.00474364170067426,0.00636456222324889,0.00270514641828817,0.00691943852319321,0.00489990562511711,3.87E-07,0.0045497919716776,0.00225566922731201,0.00205745162401004,0.0054760112324646,0.00306754750904563,0.00255025904437535,0.00233158536068654,0.00240041698879728,0.000918899852599186,3.63E-09,0.0022676512434866,4.25E-13,0.000575423383078097,0.00345278430336631,0.00613419405993599,0.00377655773628669,1.08E-05,0.000841516303453781,2.00E-08,0.000302333904769671,0.00168637415583974,0.00175899702333216,0.00360145952202135,8.22E-05
ICGC-Esophagus_common_SBS28,0.00122061728498363,0.00111809351084521,0.000241389692335037,0.00110752338605153,0.00110315220195484,0.000412057616934169,1.17E-11,0.00461244923699397,0.000315195581652758,0.00086698807207231,1.35E-19,0.0012709704128459,0.00166976742881312,0.000251045737302215,2.37E-07,0.00435559866555747,0.000708946878875994,0.00065855930275547,0.000241709906526149,2.94E-16,0.000668081327707535,0.000842689928315849,0.000241779755931676,2.79E-11,0.000425450005272281,0.000899787903721863,3.69E-22,0.000600848576540964,8.35E-11,0.000729733935261491,1.35E-22,0.000947670284889198,0.00588804784279359,0.00192547084110453,0.000775255624533758,0.00151659235380135,0.0027311553365476,0.000439108640556949,0.00175181779103654,0.0031819957514763,0.00352712657448241,0.00133094332239476,0.00223357077720365,0.000723567391287803,0.00300168443022305,0.00498933217049807,0.000242710672247522,0.00725342738720551,0.00155287928206239,0.00222829336568016,0.000964328663976715,0.009624832642782,0.00228957447095811,0.0128862351821428,0.0067499239112862,0.0214279978007007,0.000796354198788936,0.00377455020502401,0.00163255491540539,0.00587888595835773,0.00512303610700601,0.00558750274132388,0.00214696187295989,0.0138712998375601,0.00718162073754556,0.00964714224268076,0.00719948030082956,0.0109863675005681,0.0171832328425302,0.0554080055126389,0.046256970020153,0.0920143862751298,0.00814873887687531,0.0142720212702133,0.0146111985564242,0.0151090897509284,0.00473143553799516,0.0233260888856766,0.0132668382498639,0.0300964187327257,0.0018405954866389,0.00827976726003144,0.00466146364567376,0.0734402316735069,0.00477429972854646,0.0157416050291141,0.0130256694589406,0.116177829541212,0.00125043490135473,0.004784064554958,0.00392230326032059,0.0494908092586933,0.00221674479168657,0.0123198676015569,0.00879657170836553,0.146281344526034
ICGC-Esophagus_common_SBS93,0.0154546140808462,0.00573660525906228,0.00193164176598672,0.0114889434965598,0.0118104543846152,0.00960106556367434,0.00227828232677141,0.0155478435758883,0.00947326691851207,0.00550583300134738,0.00160215956103849,0.0110115047179995,0.0145536413761748,0.00751846990631102,0.000454446386240334,0.015424151927953,0.00990574465541669,0.00552978101282978,0.00154374876046355,0.0231373236116711,0.00620846299793775,0.00542890479846564,0.000411239940672666,0.0107840196792049,0.00444154919752032,0.00834369766311841,0.000251662987487536,0.00786981170638876,0.0108173292928091,0.00958432894976685,0.000529519749136114,0.0348123729059569,0.00168893111416945,2.73E-10,0.00244310785563717,0.00370494041810252,0.00168593841778642,1.26E-19,0.00225855996153713,0.00684976405579461,0.00182784750116567,0.00361984202923409,0.00662501567540932,0.00286060745085056,0.00169350999369321,0.00179481438566743,0.000211433582173035,0.00837965335837798,0.0121613726271735,0.00555437627662142,0.00377034503112105,0.0094848215073817,0.0104049156663419,0.00196240579606534,0.00466629725070226,0.0175343811026751,0.00477027096231757,0.0031592129503511,0.00186061315968548,0.00302266626520742,0.0192958548403991,0.00714743059381173,0.00603891491585196,0.0188872239101083,0.0307943033142483,0.00579299025138259,0.0119785043431956,0.0131287773146232,0.0215888825220247,0.00784554720976119,0.00348254446066591,0.0126939144079528,0.0121332349527525,0.00921665238146933,0.00144689770625465,0.00941870943080769,0.0620108702300013,0.0149964367450244,0.014194648042399,0.0154215642249254,0.0235431478599924,0.00218062106211152,0.00639598558242721,0.00606664293220568,0.0109405676061271,0.0114647839890214,0.00856118027862846,0.0897248441397229,0.00484318992275558,0.00627667849393484,0.0037495453486795,0.020728451283317,0.0453999691625417,0.0106696260756196,0.0131362823709983,0.0358165152681647
ICGC-Esophagus_common_SBS18,0.0435751217080936,0.0165331519257706,0.0017828104162881,0.0191206263097696,0.0354835728058913,0.0120154977204032,0.00503460630374817,0.034069819121364,0.083200967859369,0.0175429114438575,0.00518948975191929,0.0482351301905441,0.0592359506406555,0.0347645124979756,0.00660362809548439,0.113142281219513,0.00457461053311726,0.00233284234040124,0.00110472784444824,0.00244786822338001,0.00220043162155325,0.0018114139170309,0.000344933672577788,0.00269941336504443,0.0017566138677675,0.00223985515831604,0.000325346840968866,0.00262290185880557,0.00223999396427477,0.00240909888340615,0.000304876123595415,0.00410432486498983,0.0125587815125754,0.00714014327285528,0.0343160061446237,0.00951098625298059,0.010639683806723,0.00940281033869968,0.0268357119829412,0.0123006272590112,0.0115415433066229,0.0100199557215848,0.0334310826815512,0.00883597280216329,6.84E-07,0.00623137503210495,0.0145955146965154,0.00394453597801096,0.00385477054311452,0.00490652317617221,0.00366379862319664,0.0178661797405679,0.00237413511096609,0.00316974410892744,0.0022413775473451,0.000988985304272406,0.00171878331164594,0.00208101943175116,0.00170522672839693,0.00572138199602298,0.0120173546236565,0.00216826967141931,0.00179221313219918,0.0046076332159039,0.00841999955527253,0.00419953648787131,0.00438873121297087,0.00800029556188245,0.00416102762517028,0.00613544098119327,0.00754231383161545,0.0145786094787487,0.00603304411683457,0.00424987913631759,0.00477264749565021,0.00602590620469251,0.00528999662093229,0.00398582906222117,0.00389233425980128,0.00906064766613812,0.00108842861258012,0.000106747249581212,0.00200670516526341,0.00408628042754748,0.00127935868569567,0.00350133247833799,0.00323601264719932,0.0122576568551412,0.000521089231565188,0.00144279251400916,0.000634486839276013,0.00297982077486626,2.43E-10,0.000155790596261592,0.00224704428070563,0.0124880716341218
ICGC-Esophagus_common_SBS17_a,0.000421192003956303,5.12E-05,2.97E-16,0.00051949053720636,0.000950828715700447,0.000554392380125098,0.000342254741007833,1.83E-05,0.000905304308184556,6.86E-05,0.000137056883841286,0.000255472868168046,6.56E-09,0.000812969542166349,0.000472495864091643,0.00098758390947986,0.000109245348960959,0.000796172036303344,0.000312128759790858,0.00175371641321013,0.00066402898851434,0.000343292826088458,1.29E-05,0.00107705853338219,0.000234250919018672,0.000342378633022493,0.000114924514033044,0.000647463077619115,1.95E-16,0.00085073143865538,0.00019956351264125,0.00356975955945308,0.00170508528626875,0.0012456234035412,0.00234149705907055,0.000530555344946583,0.00257635298266097,0.00211010266158005,3.33E-08,0.00113635247259197,0.00171287361895563,0.00315367636021346,0.00304369763242819,0.00180564807804809,0.000241878788111456,0.00261990370988043,0.000450706590506727,0.000962432037815794,7.01E-13,0.00102296115494216,0.00101056474147117,0.00229387257649427,0.000123019859989603,0.00952114104803277,0.00289193699553673,0.0275874031157507,0.000426940403799598,0.00183399289447738,0.00112917191544358,0.0056686454700986,0.00195739069895645,0.00189792602269741,0.00108379513310436,0.00671167460062944,0.00144241528873752,0.00179056059598957,0.0013144947229415,0.00216191397369045,0.00303881861517523,0.0237321023058211,0.0131648411778939,0.0797750728095305,0.000588809394500078,0.00383122949765665,0.0035936898300389,0.00600793391255006,0.00375320521268132,0.00371771159142099,0.00192057307423808,0.0053111622511583,0.00231273189095087,0.00452797829789544,0.00135853737117204,0.0461897656945425,0.00256231542083865,0.0274575854860777,0.010298326647465,0.441666322697866,0.000636025017601143,0.00595934623973235,0.00347313073294149,0.0905142400930564,0.00348168796694548,0.00677942402207355,0.00302199671233502,0.0862944389536874
ICGC-Esophagus_common_SBS100,0.0171456347412807,0.00930893007014176,0.00165646596961636,0.00818733711769112,0.0100067363080432,0.00606109197662849,0.00115142434425692,0.00524747795680094,0.0162499538298892,0.00484109030958901,0.00220277560357696,0.00840009318011172,0.0159835242058101,0.0079672169471938,0.00117334078746367,0.0162594483495957,0.000899021104428496,0.00227712905356009,0.000355017797377973,4.64E-10,1.09E-08,1.78E-22,4.48E-19,0.000743824662136035,0.000426229707134033,2.24E-13,0.00041253576467868,1.18E-18,0.0115981559479543,3.88E-20,1.39E-13,0.00972361860008321,0.030471578816946,0.0140455567174918,0.0391349787163274,0.0234550790421929,0.0347660673775909,0.0259372201904113,0.0247738984774846,0.0276933673328182,0.0166071080459532,0.0137574189167419,0.0287416466929252,0.0149113121792938,0.143637346186078,0.0558536539787173,0.0310151576440778,0.104708258770102,0.00571260844905297,0.00578576184042341,0.0071078729376337,0.013740513415839,0.00332250116467652,0.00681779002439036,0.00379365631939753,0.0142916880180368,0.00184155183421785,0.00184451435641328,0.00212783644771072,0.00314209673012143,0.00945358126233763,0.00259354420266855,0.00277628148067218,0.0131400202461982,0.00871270430687327,5.96E-05,0.00193348606145109,0.00766901784742234,0.0056965583480831,1.46E-05,0.000977025875673893,0.0147878078073998,0.00285926813396827,7.99E-05,0.00348993304858733,0.0027024234747144,0.00593855792527198,0.00303536915653422,0.00157379851201588,0.00458213717037794,0.00254169650340307,0.000833231420529218,0.00147344866933594,0.00536141935274617,0.000489999066251323,0.000167174657183023,7.21E-21,0.0114080875526083,0.0017062297483814,1.78E-22,0.00169047502982719,0.00373812794275756,0.00224727372416584,0.00187702714674665,0.00232333271847444,0.0147506630370756
ICGC-Esophagus_common_SBS1,0.0136252348148964,0.0112530880059583,0.00139148217260622,0.00803584670148226,0.00779973626644145,0.00505180193474703,0.00150762377753081,0.0115373759795729,0.00600006933058011,0.00590495081530412,0.00135672425104179,0.00591869068298495,0.0165763992855458,0.0094016163628109,0.00254245941309345,0.0286766709097352,0.00429051564048513,0.00353118013428229,3.42E-10,0.0029394581303962,0.00139142871737554,0.00186735455243547,0.0006911445524386,0.00185978375395406,0.00120601086478872,0.000598793288663984,3.95E-09,0.00165951368671726,1.06E-05,0.00191650755795637,0.000140121242412008,0.00656425670988267,0.0232087503505248,0.0136690150855675,0.118106128052466,0.017743764598129,0.0166180478148764,0.0146904409246737,0.0823783872600668,0.0184566635057752,0.0176049317681824,0.0195798518012095,0.10227635634146,0.0192705546698542,0.00167035983656592,0.0201722587003452,0.0522426009304849,0.019824110890551,0.00920157822408509,0.00832067244831531,0.00653916038922905,0.0204248957002139,0.00278688461659302,0.00345697504376459,0.00212637667754338,0.00216526889712769,0.00193256495542193,0.00285210608793467,0.00277667076132875,0.00277124965768517,0.0175543991154356,0.00347213202722566,0.00205143009563057,0.0102392985037774,0.0197532591802268,0.00811964356573655,0.0101317056837362,0.0177226098682542,0.0046095056485067,0.00344029956045275,0.00515225054856946,0.00348651262074794,0.0122319854601966,0.00893970933245869,0.00686462974307804,0.0108942673242769,0.00626518299246689,0.0110341840750874,0.00462457032656614,0.0156606315186783,0.00137803954063362,0.00176905340839697,0.000604231749434157,0.00193268597361666,0.00147180305667179,7.92E-05,0.00186241121829556,0.000626797917144999,0.000668310025623379,8.27E-05,0.00202259502925455,0.00504604263607689,0.00134814301560994,0.000504206316960908,0.00301678611299173,0.00722577768402847
ICGC-Esophagus_common_SBS17_b,0.00436439503854901,0.00254509200964337,0.00045684341066986,0.0028621409689793,0.00222779396445698,0.00197119639241275,0.000116277240191694,0.000243476158203997,0.002988734217858,0.00180681507365518,9.60E-05,0.000440975622047145,0.00359627776303679,0.00298105711163109,0.000469184088482911,0.00436040059603859,0.00221919360063176,0.000518758967665705,1.19E-22,0.00286311773971372,2.38E-05,0.000390857238515629,4.15E-18,0.00137399508595421,0.000606867746346545,0.000865122859788836,0.000235108160739244,0.00153877613991041,0.00464044032721564,0.00183917556369275,0.000595152789945571,0.00723911469620548,0.000301084933884823,0.000825771330670028,8.37E-12,0.00296545179823076,0.000545821456753564,0.00245431424753696,0.00298937565044271,0.00306688753008173,0.000335598129528917,0.000701501321015721,7.53E-06,0.000705194015555371,5.41E-07,0.000144830350736208,0.00166092117572643,0.00136055810456778,0.00212698872754443,0.00178333059083332,0.00202260016804958,0.00578408376185234,0.00122402824741038,0.0110673795968548,0.00360698426149345,0.0540595510939549,0.000378823287459546,0.00418308782574352,0.000982769268759175,0.0104267783347976,0.00382409618071712,0.00339002366352487,0.00112413959399376,0.0161992041123035,0.00477881098189892,0.00324855738647108,0.00114934305151903,0.00840784765324501,0.00539811657928429,0.0456587026678005,0.0237374012083943,0.220828930363012,0.000539943637541873,0.00801818911167352,0.00500659672506327,0.0177196360138525,0.0080487415884768,0.00616522133814906,0.00446974685655167,0.0236848574631192,0.00113048414901556,7.21E-07,0.00020656489424346,0.0371416687080061,5.75E-15,0.00213719751897019,6.08E-11,0.247490243977073,0.00073303463417266,0.000881230821652726,0.000225422112545571,0.0570778930243926,0.00274990663082899,0.00106509061304584,0.00173574757535843,0.0638387316404427
ICGC-Esophagus_common_SBS3+8,0.0230236465434727,0.0191248671595598,0.00270970959354531,0.0212483080049898,0.0171041127043899,0.0158876054294145,0.00256157838215451,0.0142866052701399,0.00621521869126265,0.00995384528657386,0.0019733674844213,0.00604142713797968,0.0102630204090362,0.013867549856948,0.00167893328663722,0.0139812651292602,0.0149388999729407,0.010029959343878,0.0047162278783906,0.0147590112527086,0.0112925147677426,0.00972427990827715,0.00291234397002389,0.0147699822043221,0.00693327341104914,0.00607262630375084,0.00221375034137298,0.00985571325119326,0.00949235995628828,0.0143833019921681,0.00247001528842349,0.0239147688651068,0.028546729932099,0.0147119729813993,0.00772100563961268,0.0252658890347525,0.0230473664691443,0.0209947716322377,0.00715469170640935,0.0263317392349566,0.0166168406446314,0.0147526856113409,0.00284587321425776,0.0158526153908218,1.12E-07,0.0160420078443281,1.83E-08,0.0094384839792123,0.0114309248754771,0.00856109109649993,0.0121106296495588,0.0153749513021048,0.00988023983447269,0.0117466949359273,0.013178305612844,0.0182909104735567,0.0063919817896717,0.00536444861741405,0.00816678674588231,0.0121026192955231,0.0136302794342775,0.009651674647082,0.00693436589049956,0.0163264931276052,0.0224721159396085,0.0116520704480502,0.0155127550412345,0.0209683307649841,0.00802487900261386,0.0110860155154886,0.00812736290504351,0.0189103575734492,0.0112180451579287,0.00655666360485558,0.00888384767755352,0.0150507636998906,0.00452928068863949,0.00871205384850419,0.00466479297611698,0.0149836829063694,0.00290595183539395,0.00160864871222471,0.0090198523733785,0.00392670358547818,0.00364987717132269,0.000663950924157171,0.00847716676778753,0.000105145043789262,0.00388121707845687,0.00190994457101908,0.0100337416656254,0.00275928915515509,0.00127883215889645,0.00205920522952,0.00746309863547381,0.00203906723045253
ICGC-Colorectal_common_SBS93+121,0.013482115624794,0.011892065474247,0.00103115078554704,0.011318986132122,0.0130266466434504,0.0102350745452642,0.00120259354222255,0.0110070355541908,0.00196149559323785,0.0061491033754786,0.00063016410516991,0.0059782340145378,0.0161348111924373,0.00841649937368132,0.00105072017161902,0.0191182274614324,0.0112527740915776,0.00695256728249074,0.00105745114401848,0.0220354467478452,0.00517915670290521,0.00370891697283639,0.00038834771895461,0.00878387150549937,0.00197619732905242,0.00557600324133512,0.000349998754247261,0.0082727265607957,0.0217732402304706,0.00921353971102454,0.00143250392083018,0.0489441654466913,0.00980757802436788,0.00576041509950572,0.0232253496092393,0.00736486773791071,0.00844320635763565,0.00474147140962813,0.0138442431634794,0.00760509963189407,0.010630745948442,0.00629312526704779,0.0159594077009249,0.00789024189321286,0.0203481195219512,0.0109307478794002,0.00897310532654145,0.0145185874569569,0.0106030747973445,0.00419895926310339,0.00586596871561282,0.0145551968872879,0.0167007636163659,0.00684250291737967,0.00670061378578562,0.0226283914060374,0.00602329786060229,0.00348022376667878,0.00339061648930914,0.00625091529948501,0.0280326513074631,0.00885695522091315,0.0085642818516689,0.0360061496084402,0.0207353712172412,0.00389842087653433,0.00604760132914843,0.0107823854618663,0.0293271747716045,0.00927403298912534,0.00442295904796434,0.00638319080130985,0.0150474167720851,0.00377217754714217,0.0036130069311411,0.00465017052756485,0.0461966338314935,0.00960532183726039,0.00836114362067798,0.0144388947357935,0.0165083232510884,0.0014874681023781,0.00434330652415527,0.00727975488879355,0.013208491006553,0.00374167555398737,0.00409972251830216,4.99E-05,0.00491312628454467,0.00159638763710303,0.00298846341598603,0.00181859547901263,0.0318771996683955,0.00823308780439472,0.00915980644954554,0.0375700496855159
ICGC-Colorectal_common_SBS1,0.0178580506990307,0.0125214845658636,0.00121843283951089,0.00681636824346443,0.0143142304236971,0.00430195266694101,0.00148115297828267,0.013011498898877,0.0168484220614526,0.00652072146579021,0.00238167662379997,0.0106421668966865,0.019704845720719,0.0109273421374464,0.00331285402554472,0.0384446826288377,0.00234032421530543,0.00224768357812939,1.26E-21,0.0038886774616523,0.00150149818285137,0.000778955408777407,0.000568639571722656,0.00181173302362061,0.00143887943038949,0.00204856875569113,0.000395343615438154,0.000902668167056207,0.00596475704816622,0.00243449795754269,0.000756349056230731,0.00836097136698256,0.0187208537813732,0.00897144106198046,0.143227927218177,0.0140203185164423,0.0118106139907897,0.00972329540655635,0.0828782887503878,0.0123351163301016,0.0137553369990512,0.0158507689976665,0.106243761461827,0.0158921181649251,0.0189621146526772,0.0179989705392145,0.0621338824681139,0.0207798298541213,0.00381333861499992,0.00385970016446062,0.00455848092863559,0.0164632995510569,0.00175985758269997,0.00137471344796906,0.00366491329544164,0.00397247027192765,0.00167549022576379,0.00192294466946156,0.00159781532355744,0.00173309002997968,0.0104579891406757,0.000993991680174375,0.00119158407088826,0.00527819476184373,0.0131149795176039,0.00595290032668879,0.00756748850802725,0.0173025906929214,0.00503007723035832,0.00403098745348681,0.0063683841705519,0.00539831979050488,0.00758139747052795,0.00683888177281564,0.00522025573739994,0.0106399993701618,0.00176499876735551,0.00784957625906055,0.0037827657967736,0.0127907215644992,0.000688107071840323,0.000729525260478577,0.000718781390783482,0.00348337567762289,0.000530072632689203,0.00161326806392162,0.00224551017796612,3.87E-05,0.000649547049055542,0.00029608706957307,0.00155608689038533,0.0024993255988892,2.30E-05,0.00141105756170382,0.00299109536181721,0.00592414907304785
ICGC-Colorectal_common_SBS18,0.0457710020221433,0.00993048750036636,0.002724429121403,0.0200230415538628,0.0321301594659264,0.0107733015818195,0.00400242512255531,0.0278000534438565,0.0748282907356897,0.0144844079014364,0.00478331931702298,0.0453583292636501,0.0636878672039236,0.0349507946825327,0.00772389500683685,0.116329661541694,0.00204858025121408,0.00128039318285037,0.000357024774809571,0.00209615294661355,0.00162542334199843,0.00109725209646723,0.000558489055850225,0.0020236092467162,0.00121895367572491,0.000578623168772775,0.000408280459518218,0.00115609659231667,0.00157613094746118,0.00198787880713871,0.000175240341023626,0.00129426999915079,0.0152029188608592,0.00841987071680805,0.0474723491367533,0.0141175849783063,0.0120872093334141,0.0103439880907757,0.0332889844500627,0.0131004735750227,0.00970106756839249,0.00920961366779422,0.0457043337342498,0.0110491079447529,0.012858224014411,0.0107405145890381,0.0237841771423932,0.0123136333485966,0.00360811572264067,0.000768850970964493,0.000895594834098355,0.0124388178661325,0.000850385708927052,0.00225374708810661,0.00132368645584765,0.00316602014384269,0.000748318419921356,0.00106709352670844,0.000684325484780071,0.00188853606560254,0.0156246612571745,0.00104127401573259,0.000850572942943939,0.00894804768545908,0.0137197365815892,0.00404938923395575,0.00556227978346018,0.00680128149839906,0.00369103575847354,0.00278699455019379,0.00390964183652586,0.00584120229743196,0.00702833616323863,0.00379846407818889,0.00340775937521427,0.0058733015191694,0.010767150270895,0.00644685462411064,0.00580479498709236,0.00651269001455417,0.00254264440469902,0.000432515351410657,0.00158396006625879,0.00103943047847994,0.00114029362691887,0.000390969360152,0.000998614888094063,3.51E-09,0.000458019412139873,0.000283476258653436,0.00186872460253627,0.000693737551524432,0.00311535422836091,0.000822627268047477,0.00126070581728715,0.00703204690763977
ICGC-Colorectal_common_SBS5,0.0217823088447235,0.0166526258968946,0.0012870451660961,0.0218513578901461,0.0175652326813436,0.016387339206404,0.00161059967665268,0.0175458689949186,0.0121605548011563,0.00941685636885743,0.0016635338160378,0.0115683575697209,0.0142475458254262,0.0139432258632571,0.00201352682745329,0.0133149991110915,0.0125656491034533,0.00681427130521527,0.00291206808981596,0.0106633966045475,0.00619615951255715,0.00547819875270465,0.00206264751250958,0.0109763731258231,0.0069140768788815,0.00468474030550475,0.000942802496942434,0.00800957648820416,0.00839226080251135,0.0089888692129333,0.000705214120112027,0.0175950694420405,0.0242618751839276,0.0122655750233533,0.028287920168572,0.0205975094846928,0.0145239198586719,0.0161864128414273,0.022941777720194,0.0180395194014011,0.0117215550476166,0.0128000512895524,0.0313608096424702,0.0131185227883472,0.0165056760961633,0.016322183765277,0.0122680477895689,0.0226003112147771,0.0112627030846639,0.00880627307313377,0.0104565044375338,0.0174710917688263,0.00579582267853888,0.00922839732814456,0.00875621818678358,0.00934995676564972,0.00377536375151559,0.00543518064374578,0.00645687105989851,0.0094804144508042,0.00693774522645898,0.00735162416829475,0.00458109865630557,0.0155474141186477,0.0249877697213084,0.0118893693948694,0.0137514750851346,0.0319593573405669,0.000251750865926314,0.0123674622828998,0.00872837836519061,0.0103754334634422,0.00851197477110978,0.00512210729564009,0.00623653741689755,0.00919990020500308,0.00928058360529455,0.0110146917724155,0.0041608527333487,0.0203026172298765,0.00359844444585322,0.00253252385058402,0.00818484514500375,0.00620609841992515,0.000349702603367746,0.00260206628462206,0.00863451105880725,3.45E-10,0.00300194103088369,0.00186076320799107,0.00743599087606774,0.00420781107345992,8.58E-06,0.00297159951211085,0.00778072943197482,0.0110774365917256
ICGC-Colorectal_common_SBS17,0.0124994450397283,0.00769785135115052,0.00113541953971111,0.00939638648822096,0.00896543846119753,0.00650640665256464,0.000989299635727718,0.00691457527263505,0.00968274219179532,0.0035535677285548,0.000423630115702212,0.00792316461166062,0.0118400925734272,0.00642438361833942,0.00106406400769547,0.0129399254194641,0.00494553656478824,0.00450836765923982,0.000669262450508377,0.0127379662384668,0.00363595247330172,0.00201698558116748,0.000178254639431123,0.00549143055736269,0.00125158671828679,0.00511432096040444,0.000105952958007486,0.00398511760226462,0.00763738324162068,0.00525585244166905,0.000573396827376293,0.0231907364086295,0.0103382405574143,0.00287933813230039,0.0219947566405497,0.00703264081301152,0.00450341137334295,0.00182393450459991,0.0153331588170587,0.00571494394507769,0.00492591645266535,0.00565961274130164,0.0171240891614477,0.00514560928655678,0.00707995508228048,0.00734799664044838,0.0134103819360314,0.0111804799571563,0.00536073975292515,0.00254172753172628,0.00318403968215894,0.00983518255520366,0.00374668432824101,0.00767361344848633,0.00561811714480895,0.0230391933552275,0.00173283263956892,0.0026777713778166,0.00245528186473163,0.00778347169845619,0.00961677539184448,0.00402544021462517,0.00317925573508101,0.0133748772499997,0.00947023642000321,0.00534143149648652,0.00612522790300843,0.00999034440380723,0.0082496832678836,0.018625287870334,0.0113935965326111,0.0527567391818083,0.0050056493870281,0.00583256877953523,0.00569260587767222,0.011323308427566,0.0148541536973385,0.00794135503508937,0.00598611489077305,0.0146334867826113,0.00935037338240234,0.00356713050089973,0.00226188596416862,0.028583729622918,0.00433976938307644,0.0117302425827385,0.00669376142195164,0.170421505070876,0.0012961988572996,0.00268671540078918,0.0035269541511749,0.0388863478594704,0.013775614524604,0.00607443192907168,0.00488050773281159,0.0621090756199468
ICGC-Colorectal_rare_SBS10a,4.41E-48,0.00196361398689114,0.00012150061679836,0.0128273804501869,0.00249952020008772,0.00105177796312702,0.000217436973353131,0.0179112475921154,1.79E-112,0.00142261018041602,3.90E-63,0.00918492885546636,0.0391103965955839,0.00638199541710402,0.000968485891596407,0.309778780141537,0.00048126467680695,0.000100099185417272,5.36E-06,8.23E-90,7.18480114615139e-310,1.89E-208,1.68E-84,2.05E-275,0.000289067895082408,0.000131620090233804,1.68E-77,0.000211619699118678,8.63E-221,5.81E-219,8.87E-154,3.94E-161,0.00195774726438812,0.00373349993280322,0.00528075913249797,0.00605909102123595,0.000855388281705925,0.00174832168100524,0.00201183455628826,0.00296199250735312,0.00366684251295879,0.0134781448211882,0.0141283047796467,0.0169861065850865,0.00451749121107826,0.013716711516928,0.0580563237303182,0.0352891838978122,0.000806072824032845,0.000402124761592855,5.30E-05,0.00515774377188509,0.000159937704837534,0.000264297222058783,0.000183450794505694,0.000531384944210189,8.64E-05,0.000184399312356714,5.91E-105,0.000388932254281591,0.000978434708994669,0.000749584125352533,0.000650128204037801,0.00554964213469672,0.0108320312592042,0.00604341678582089,0.00527072006221051,0.010078236480783,0.00166811463798906,0.00193816307894395,0.00204622283557679,0.00193823587694748,0.0141514995041366,0.012249409589043,0.00628246236126655,0.019186781499313,0.00991217965431348,0.00917002166846075,0.0061349273862832,0.0167420207948654,0.00410944705401524,0.00437496822484413,0.00226799279472543,0.0354107943186871,0.00454193580675428,0.00161767619583353,0.00326976503080748,0.0186640655802971,0.00129550450030694,0.00216216778265457,0.00104966803945772,0.00504216788143144,0.0149220951782404,0.00888950578037798,0.00326512470000165,0.150220757798483
ICGC-Colorectal_rare_SBS44,3.37E-64,0.00101946186991709,0.00014296590801724,0.00185773837628175,0.00778723152836119,0.0156960061096358,0.00271453185926089,0.0450701592754752,0.00159615950637403,0.00318972346572915,0.000619916261386784,0.00641253443067299,7.33E-33,0.00139545561157259,0.000154587919336108,0.00593077357746504,0.00142670965809645,0.000352427729608054,9.42E-05,0.00108815137126927,5.59E-168,9.04E-109,7.21E-05,1.33E-203,0.000130384379655305,0.00139261129821334,7.20E-05,0.000709049471117836,3.01E-274,9.26E-129,2.30E-299,5.23E-115,0.0343754849269638,0.0131697294358446,0.0283841642653958,0.013080956490107,0.00835179112346622,0.0154862405841618,0.0210078404246575,0.0184858542111237,0.041011072185339,0.0631010779790724,0.0436893728428335,0.0467123525112842,0.0109479045018894,0.0153213620355113,0.0104823021130901,0.0131919463607269,0.00443433695517122,0.00539113402006154,0.00145673232519994,0.0195780329697398,0.00077180598485046,0.00368394249008301,0.00157435887099806,0.000942328373005974,0.00244549882274053,0.00467011179146084,0.00314318893880512,0.0030745830732357,0.00531077922906098,0.00135024774865527,0.00106644969306885,0.00330315397979938,0.0371452783209067,0.0133830545090784,0.034335090340353,0.0143331861439944,0.0235376024701359,0.0131593759413145,0.0369713577150123,0.0166007955569138,0.0489158612628114,0.0163131312689526,0.0359156995740145,0.0290125614490009,0.0293274156554733,0.0174994111251487,0.019683168988205,0.024054333361996,0.000343766246423966,0.00157712004511213,0.000852827544388984,0.00201830708089619,0.000854628039606562,0.00426769282679491,0.00504849786844468,0.00545029466025883,0.000271119161262575,0.00117820666132424,0.00114568546078555,0.00417507932494228,0.000240516318634826,0.000431971841153481,0.0013495021343184,0.00268642746578406
ICGC-Colorectal_rare_SBS88,0.0120650117727345,3.14E-06,0.000702215405242961,0.00508858652900074,5.09E-05,0.00566457361855949,1.38E-13,5.02E-14,0.0100296914275103,0.000379961258724633,1.36E-13,0.00614375708605393,0.0240941272923624,0.00715897102502718,3.78E-14,0.00643230298410873,0.00558703321299816,1.12E-11,3.31E-28,8.04E-16,0.00173600568327289,0.000146236738398852,2.05E-38,0.00198458839424369,0.00186837935497997,0.00161841209315546,0.000465187441351376,2.52E-14,7.79E-10,0.000324249947183417,2.92E-05,9.03E-08,0.00527219921160406,0.0047230900034944,0.0221484272903081,2.58E-05,0.00742097887758994,3.31E-06,0.0168549900001581,0.0112726341166163,0.00664095332539243,1.41E-06,4.11E-05,0.000384959419621972,0.00562391463529203,0.000635426669859063,0.000551178882085064,0.00868153668204181,0.0497258826060392,0.0302418170661544,0.00670527040787613,0.0459201218726563,0.00418786599764091,0.00471499070303568,0.000734781949244867,0.00569001386141261,0.00326528473013826,0.00683536232523195,0.00158526479198141,0.0119487676801283,0.0255448099459689,0.0166370773044605,0.00447980555332288,0.0581634829495584,0.0675428040636926,0.0238684248633025,0.0113345585005867,0.12912549526039,0.00580757731570709,1.71E-30,1.82E-09,0.00790507219700797,0.00843739476629789,9.19E-08,0.00347697139349832,0.016064699200982,0.0183036829760493,0.00570182701151177,0.00511783048861177,0.0927891024535711,0.0095137047029062,0.00329472863189195,0.00401851793112252,0.00246610620975594,0.00379242746786522,5.61E-14,4.88E-15,0.00915975348143836,0.00470436425613545,0.00374620007713167,1.41E-14,0.00661719686713299,0.0136251590139222,0.00820727755805869,0.0047372967900083,0.0724065474765076
ICGC-Colorectal_rare_SBS94,4.02E-13,0.0321279833065062,0.00110579761603852,7.60E-13,0.141540187072888,0.149506651809402,0.0105204380817821,0.0642026512171043,8.73E-12,0.0510752015434207,0.0009442731253354,9.46E-07,0.0211030148602449,0.0202802170253698,0.000870845803288065,9.20E-08,0.00365728011989837,5.17E-05,1.53E-42,5.82E-07,0.0129837773674238,0.026531591657737,0.00202493626135233,0.00685816644522157,4.49E-09,0.00951349114325888,0.000639692198695586,4.25E-13,9.61E-08,0.000120861848790152,0.00122761207081682,1.90E-07,1.07E-13,0.0182237030258683,0.00352714781082713,0.0148983318783097,0.0134381545951175,0.022820738053773,0.00913839353619004,0.0348736805790059,0.00468904620760997,0.0310735790661047,0.00153633787439023,0.0104386439766006,9.48E-09,0.0252575667305423,0.00618741866885847,0.0104500289472481,0.0108371621635423,0.0043437393603773,1.16E-16,0.0162304118222913,0.015076784763168,0.00952942106433317,0.00726218914090544,0.0144330876012091,0.0073042018630933,1.34E-31,2.89E-19,0.00600240514059813,0.00493393101937362,0.000236692330626368,0.00337153836560595,0.0138128361160878,0.000488208224746131,5.34E-08,4.75E-22,0.0212300508483555,0.00518137367793539,0.0199845109791382,0.0093657114642342,0.0215589307048948,0.00359532233812321,3.76E-07,1.81E-12,0.0173188680127921,0.00105717351285773,3.31E-10,1.90E-07,0.0178129137006936,0.000641463698198005,5.53E-15,1.67E-31,1.44E-12,0.0011278992730693,0.00134990283641167,1.18E-23,4.84E-05,6.32E-16,1.21E-16,1.30E-32,1.75E-09,0.000571959707732395,1.03E-12,5.30E-18,0.00185127240677272
